ID,Timestamp,Corrente (A),Tensão (V),Potência (W)
1,2025-06-25 01:14:23,1.03,201.41,207.45
2,2025-06-25 01:14:24,9.52,206.7,1967.78
3,2025-06-25 01:14:24,6.87,232.35,1596.24
4,2025-06-25 01:14:25,4.79,217.89,1043.69
5,2025-06-25 01:14:25,3.58,206.68,739.91
6,2025-06-25 01:14:26,7.86,236.77,1861.01
7,2025-06-25 01:14:26,4.27,200.59,856.52
8,2025-06-25 01:14:27,8.07,225.97,1823.58
9,2025-06-25 01:14:27,9.39,239.96,2253.22
10,2025-06-25 01:14:28,2.65,229.29,607.62
11,2025-06-25 01:14:28,9.1,219.17,1994.45
12,2025-06-25 01:14:29,9.26,210.29,1947.29
13,2025-06-25 01:14:29,5.27,227.51,1198.98
14,2025-06-25 01:14:30,5.76,228.54,1316.39
15,2025-06-25 01:14:30,1.01,217.66,219.84
16,2025-06-25 01:14:31,9.87,236.76,2336.82
17,2025-06-25 01:14:31,0.14,227.86,31.9
18,2025-06-25 01:14:32,2.32,211.52,490.73
19,2025-06-25 01:14:32,2.23,238.44,531.72
20,2025-06-25 01:14:33,0.82,210.57,172.67
21,2025-06-25 01:14:33,7.49,232.79,1743.6
22,2025-06-25 01:14:34,9.39,237.4,2229.19
23,2025-06-25 01:14:34,4.45,204.69,910.87
24,2025-06-25 01:14:35,8.37,215.08,1800.22
25,2025-06-25 01:14:35,2.19,207.49,454.4
26,2025-06-25 01:14:36,8.65,235.85,2040.1
27,2025-06-25 01:14:36,0.99,209.72,207.62
28,2025-06-25 01:14:37,4.91,210.24,1032.28
29,2025-06-25 01:14:37,9.65,209.87,2025.25
30,2025-06-25 01:14:38,4.46,207.92,927.32
31,2025-06-25 01:14:38,2.64,221.37,584.42
32,2025-06-25 01:14:39,8.73,231.08,2017.33
33,2025-06-25 01:14:39,8.18,235.67,1927.78
34,2025-06-25 01:14:40,0.05,214.6,10.73
35,2025-06-25 01:14:40,1.05,202.54,212.67
36,2025-06-25 01:14:41,3.21,226.05,725.62
37,2025-06-25 01:14:41,5.38,214.78,1155.52
38,2025-06-25 01:14:42,1.62,227.5,368.55
39,2025-06-25 01:14:42,1.32,229.92,303.49
40,2025-06-25 01:14:43,1.16,215.48,249.96
41,2025-06-25 01:14:43,7.74,225.91,1748.54
42,2025-06-25 01:14:44,3.87,206.7,799.93
43,2025-06-25 01:14:44,1.3,237.28,308.46
44,2025-06-25 01:14:45,6.36,209.73,1333.88
45,2025-06-25 01:14:45,3.32,224.65,745.84
46,2025-06-25 01:17:32,0.81,224.02,181.46
47,2025-06-25 01:17:33,3.32,230.0,763.6
48,2025-06-25 01:17:33,3.04,223.9,680.66
49,2025-06-25 01:17:34,3.64,202.92,738.63
50,2025-06-25 01:17:34,6.9,230.41,1589.83
51,2025-06-25 01:17:35,3.07,215.11,660.39
52,2025-06-25 01:17:35,9.3,209.8,1951.14
53,2025-06-25 01:17:36,8.73,224.51,1959.97
54,2025-06-25 01:17:36,6.58,228.58,1504.06
55,2025-06-25 01:17:37,8.88,236.66,2101.54
56,2025-06-25 01:17:37,4.14,236.64,979.69
57,2025-06-25 01:17:38,8.06,237.12,1911.19
58,2025-06-25 01:17:38,0.69,234.95,162.12
59,2025-06-25 01:17:39,7.75,227.98,1766.85
60,2025-06-25 01:17:39,4.26,228.2,972.13
61,2025-06-25 01:17:40,1.94,217.72,422.38
62,2025-06-25 01:17:40,9.8,215.43,2111.21
63,2025-06-25 01:17:41,2.87,222.6,638.86
64,2025-06-25 01:17:41,4.44,229.01,1016.8
65,2025-06-25 01:17:42,4.76,228.76,1088.9
66,2025-06-25 01:17:42,4.79,203.02,972.47
67,2025-06-25 01:17:43,2.01,213.04,428.21
68,2025-06-25 01:17:43,4.36,213.6,931.3
69,2025-06-25 01:17:44,0.05,211.87,10.59
70,2025-06-25 01:17:44,7.23,207.88,1502.97
71,2025-06-25 01:17:45,9.48,216.2,2049.58
72,2025-06-25 01:17:45,7.08,234.98,1663.66
73,2025-06-25 01:17:46,9.41,226.9,2135.13
74,2025-06-25 01:17:46,9.71,222.21,2157.66
75,2025-06-25 01:17:47,1.8,212.61,382.7
76,2025-06-25 01:17:47,9.26,212.95,1971.92
77,2025-06-25 01:17:48,5.31,237.67,1262.03
78,2025-06-25 01:17:48,4.09,227.53,930.6
79,2025-06-25 01:17:49,0.6,200.37,120.22
80,2025-06-25 01:17:49,4.75,217.06,1031.04
81,2025-06-25 01:17:50,0.56,217.54,121.82
82,2025-06-25 01:17:50,2.15,211.32,454.34
83,2025-06-25 01:17:51,5.72,233.81,1337.39
84,2025-06-25 01:17:51,1.8,200.87,361.57
85,2025-06-25 01:17:52,1.71,215.27,368.11
86,2025-06-25 01:17:52,3.94,202.92,799.5
87,2025-06-25 01:17:53,8.06,209.53,1688.81
88,2025-06-25 01:17:53,7.55,210.16,1586.71
89,2025-06-25 01:17:54,2.55,209.14,533.31
90,2025-06-25 01:17:54,7.58,208.5,1580.43
91,2025-06-25 01:17:55,5.05,236.22,1192.91
92,2025-06-25 01:17:55,8.25,215.78,1780.18
93,2025-06-25 01:17:56,3.11,220.67,686.28
94,2025-06-25 01:17:56,1.75,205.46,359.56
95,2025-06-25 01:17:57,7.81,230.12,1797.24
96,2025-06-25 01:17:57,2.61,208.06,543.04
97,2025-06-25 01:17:58,0.24,232.04,55.69
98,2025-06-25 01:17:58,6.58,215.57,1418.45
99,2025-06-25 01:17:59,7.04,228.68,1609.91
100,2025-06-25 01:17:59,2.3,202.74,466.3
101,2025-06-25 01:18:07,2.95,201.92,595.66
102,2025-06-25 01:18:07,1.02,208.69,212.86
103,2025-06-25 01:18:08,9.84,217.97,2144.82
104,2025-06-25 01:18:08,9.38,210.65,1975.9
105,2025-06-25 01:18:09,7.59,234.3,1778.34
106,2025-06-25 01:18:09,6.19,209.4,1296.19
107,2025-06-25 01:18:10,9.06,221.45,2006.34
108,2025-06-25 01:18:10,4.46,222.18,990.92
109,2025-06-25 01:18:11,6.76,203.67,1376.81
110,2025-06-25 01:18:11,6.5,227.37,1477.9
111,2025-06-25 01:18:12,1.99,228.96,455.63
112,2025-06-25 01:18:12,1.95,237.41,462.95
113,2025-06-25 01:18:13,3.81,209.5,798.2
114,2025-06-25 01:18:13,5.25,237.56,1247.19
115,2025-06-25 01:18:14,4.54,210.8,957.03
116,2025-06-25 01:18:14,2.11,228.55,482.24
117,2025-06-25 01:18:15,6.08,231.73,1408.92
118,2025-06-25 01:18:15,1.88,227.54,427.78
119,2025-06-25 01:18:16,0.2,202.24,40.45
120,2025-06-25 01:18:16,3.83,222.81,853.36
121,2025-06-25 01:18:26,2.95,217.56,641.8
122,2025-06-25 01:18:26,6.29,230.55,1450.16
123,2025-06-25 01:18:27,2.75,229.8,631.95
124,2025-06-25 01:18:27,6.41,215.77,1383.09
125,2025-06-25 01:18:28,9.28,228.52,2120.67
126,2025-06-25 01:18:28,3.44,236.02,811.91
127,2025-06-25 01:18:29,9.58,206.95,1982.58
128,2025-06-25 01:18:29,0.55,208.47,114.66
129,2025-06-25 01:18:30,1.38,219.7,303.19
130,2025-06-25 01:18:30,7.7,233.15,1795.26
131,2025-06-25 01:18:31,4.78,216.17,1033.29
132,2025-06-25 01:18:31,8.75,232.14,2031.22
133,2025-06-25 01:19:40,3.12,209.59,653.92
134,2025-06-25 01:19:41,0.43,212.05,91.18
135,2025-06-25 01:19:41,2.95,230.91,681.18
136,2025-06-25 01:19:42,0.15,237.3,35.59
137,2025-06-25 01:19:42,7.85,208.44,1636.25
138,2025-06-25 01:19:43,2.19,220.07,481.95
139,2025-06-25 01:19:43,5.56,224.56,1248.55
140,2025-06-25 01:19:44,0.47,239.31,112.48
141,2025-06-25 01:19:44,4.34,232.33,1008.31
142,2025-06-25 01:19:45,9.34,236.17,2205.83
143,2025-06-25 01:19:45,9.6,228.93,2197.73
144,2025-06-25 01:19:46,9.95,220.2,2190.99
145,2025-06-25 01:19:46,0.56,235.13,131.67
146,2025-06-25 01:19:47,2.5,220.22,550.55
147,2025-06-25 01:19:47,4.81,224.34,1079.08
148,2025-06-25 01:19:48,9.67,201.95,1952.86
149,2025-06-25 01:19:48,1.16,219.6,254.74
150,2025-06-25 01:19:49,9.56,213.06,2036.85
151,2025-06-25 01:19:49,9.51,208.25,1980.46
152,2025-06-25 01:19:50,9.21,224.79,2070.32
153,2025-06-25 01:19:50,9.13,200.2,1827.83
154,2025-06-25 01:19:51,5.31,232.66,1235.42
155,2025-06-25 01:19:51,1.08,232.67,251.28
156,2025-06-25 01:19:52,9.75,237.84,2318.94
157,2025-06-25 01:19:52,3.98,219.81,874.84
158,2025-06-25 01:19:53,6.1,217.18,1324.8
159,2025-06-25 01:19:53,5.46,215.61,1177.23
160,2025-06-25 01:19:54,8.94,218.16,1950.35
161,2025-06-25 01:19:54,4.62,206.42,953.66
162,2025-06-25 01:19:55,2.64,219.37,579.14
163,2025-06-25 01:19:55,0.6,223.51,134.11
164,2025-06-25 01:19:56,3.13,202.49,633.79
165,2025-06-25 01:19:56,8.48,227.94,1932.93
166,2025-06-25 01:19:57,9.73,216.74,2108.88
167,2025-06-25 01:19:57,2.32,233.32,541.3
168,2025-06-25 01:19:58,5.38,206.89,1113.07
169,2025-06-25 01:19:58,7.72,214.64,1657.02
170,2025-06-25 01:19:59,4.2,229.46,963.73
171,2025-06-25 01:19:59,0.28,207.31,58.05
172,2025-06-25 01:20:00,1.72,218.96,376.61
173,2025-06-25 01:20:00,5.62,202.87,1140.13
174,2025-06-25 01:20:01,8.22,205.21,1686.83
175,2025-06-25 01:20:01,9.34,236.27,2206.76
176,2025-06-25 01:20:02,5.6,204.37,1144.47
177,2025-06-25 01:20:02,5.41,235.95,1276.49
178,2025-06-25 01:20:03,3.63,215.94,783.86
179,2025-06-25 01:20:03,1.87,210.3,393.26
180,2025-06-25 01:20:04,0.44,220.46,97.0
181,2025-06-25 01:20:04,9.33,231.65,2161.29
182,2025-06-25 01:20:05,8.43,205.29,1730.59
183,2025-06-25 01:20:05,7.36,227.17,1671.97
184,2025-06-25 01:20:06,1.57,209.98,329.67
185,2025-06-25 01:20:06,5.99,237.92,1425.14
186,2025-06-25 01:20:07,4.98,223.97,1115.37
187,2025-06-25 01:20:07,8.91,231.73,2064.71
188,2025-06-25 01:20:08,8.28,211.99,1755.28
189,2025-06-25 01:20:08,8.49,233.21,1979.95
190,2025-06-25 01:20:09,8.76,231.91,2031.53
191,2025-06-25 01:20:09,0.98,214.04,209.76
192,2025-06-25 01:20:10,3.14,239.29,751.37
193,2025-06-25 01:20:10,9.41,217.25,2044.32
194,2025-06-25 01:20:11,5.24,225.84,1183.4
195,2025-06-25 01:20:11,6.81,202.5,1379.02
196,2025-06-25 01:20:12,2.09,214.56,448.43
197,2025-06-25 01:20:12,5.84,228.49,1334.38
198,2025-06-25 01:20:13,5.96,214.39,1277.76
199,2025-06-25 01:20:13,7.26,222.37,1614.41
200,2025-06-25 01:20:14,5.25,215.72,1132.53
201,2025-06-25 01:20:14,9.52,213.39,2031.47
202,2025-06-25 01:20:15,9.91,207.54,2056.72
203,2025-06-25 01:20:15,5.34,228.5,1220.19
204,2025-06-25 01:20:16,8.77,234.33,2055.07
205,2025-06-25 01:20:16,5.09,209.22,1064.93
206,2025-06-25 01:20:17,7.86,204.08,1604.07
207,2025-06-25 01:20:17,4.5,230.04,1035.18
208,2025-06-25 01:20:18,6.78,232.9,1579.06
209,2025-06-25 01:20:18,8.18,223.14,1825.29
210,2025-06-25 01:20:19,0.84,204.66,171.91
211,2025-06-25 01:20:19,4.0,231.93,927.72
212,2025-06-25 01:20:20,5.14,222.57,1144.01
213,2025-06-25 01:20:20,6.46,216.79,1400.46
214,2025-06-25 01:20:21,7.53,210.26,1583.26
215,2025-06-25 01:20:21,9.28,224.98,2087.81
216,2025-06-25 01:20:22,7.89,233.35,1841.13
217,2025-06-25 01:20:22,4.86,239.52,1164.07
218,2025-06-25 01:20:23,4.6,232.04,1067.38
219,2025-06-25 01:20:23,9.78,200.23,1958.25
220,2025-06-25 01:20:24,7.1,230.96,1639.82
221,2025-06-25 01:20:24,9.29,236.29,2195.13
222,2025-06-25 01:20:25,2.54,236.83,601.55
223,2025-06-25 01:20:25,6.81,219.29,1493.36
224,2025-06-25 01:20:26,8.32,210.04,1747.53
225,2025-06-25 01:20:26,1.74,230.64,401.31
226,2025-06-25 01:20:27,0.48,207.54,99.62
227,2025-06-25 01:20:27,0.67,216.23,144.87
228,2025-06-25 01:20:28,4.97,227.81,1132.22
229,2025-06-25 01:20:28,7.28,224.23,1632.39
230,2025-06-25 01:20:29,9.83,235.58,2315.75
231,2025-06-25 01:20:29,6.37,231.94,1477.46
232,2025-06-25 01:20:30,1.93,223.58,431.51
233,2025-06-25 01:20:30,7.0,225.7,1579.9
234,2025-06-25 01:20:31,8.22,233.5,1919.37
235,2025-06-25 01:20:31,0.59,201.55,118.91
236,2025-06-25 01:20:32,7.22,224.05,1617.64
237,2025-06-25 01:20:32,4.01,230.54,924.47
238,2025-06-25 01:20:33,2.23,215.26,480.03
239,2025-06-25 01:20:33,8.08,225.86,1824.95
240,2025-06-25 01:20:34,6.93,203.74,1411.92
241,2025-06-25 01:20:34,6.82,207.61,1415.9
242,2025-06-25 01:20:35,4.32,205.77,888.93
243,2025-06-25 01:20:35,0.52,202.99,105.55
244,2025-06-25 01:20:36,1.62,200.39,324.63
245,2025-06-25 01:20:36,6.7,200.3,1342.01
246,2025-06-25 01:20:37,4.31,221.08,952.85
247,2025-06-25 01:20:37,7.97,237.2,1890.48
248,2025-06-25 01:20:38,2.95,230.69,680.54
249,2025-06-25 01:20:38,4.66,231.91,1080.7
250,2025-06-25 01:20:39,7.17,215.18,1542.84
251,2025-06-25 01:20:39,8.75,216.57,1894.99
252,2025-06-25 01:20:40,2.14,225.8,483.21
253,2025-06-25 01:20:40,0.95,213.57,202.89
254,2025-06-25 01:20:41,2.5,216.49,541.23
255,2025-06-25 01:20:41,9.56,221.16,2114.29
256,2025-06-25 01:20:42,1.49,201.05,299.56
257,2025-06-25 01:20:42,6.57,217.59,1429.57
258,2025-06-25 01:20:43,5.84,204.58,1194.75
259,2025-06-25 01:20:43,7.49,231.19,1731.61
260,2025-06-25 01:20:44,5.85,205.28,1200.89
261,2025-06-25 01:20:44,4.69,226.55,1062.52
262,2025-06-25 01:20:45,5.58,206.93,1154.67
263,2025-06-25 01:20:45,2.62,224.52,588.24
264,2025-06-25 01:20:46,0.2,234.19,46.84
265,2025-06-25 01:20:46,4.56,208.77,951.99
266,2025-06-25 01:20:47,8.83,204.5,1805.74
267,2025-06-25 01:20:47,6.05,230.74,1395.98
268,2025-06-25 01:20:48,7.29,208.64,1520.99
269,2025-06-25 01:20:48,5.33,227.75,1213.91
270,2025-06-25 01:20:49,7.66,212.75,1629.66
271,2025-06-25 01:20:49,3.13,218.2,682.97
272,2025-06-25 01:20:50,6.96,217.48,1513.66
273,2025-06-25 01:20:50,0.63,212.06,133.6
274,2025-06-25 01:20:51,4.32,223.02,963.45
275,2025-06-25 01:20:51,8.83,225.75,1993.37
276,2025-06-25 01:20:52,0.16,220.93,35.35
277,2025-06-25 01:20:52,2.44,231.63,565.18
278,2025-06-25 01:20:53,5.31,229.56,1218.96
279,2025-06-25 01:20:53,7.84,226.6,1776.54
280,2025-06-25 01:20:54,4.8,237.88,1141.82
281,2025-06-25 01:20:54,2.31,234.68,542.11
282,2025-06-25 01:20:55,5.68,222.41,1263.29
283,2025-06-25 01:20:55,3.05,214.41,653.95
284,2025-06-25 01:20:56,1.61,200.06,322.1
285,2025-06-25 01:20:56,6.8,235.52,1601.54
286,2025-06-25 01:20:57,3.37,203.29,685.09
287,2025-06-25 01:20:57,2.74,228.55,626.23
288,2025-06-25 01:20:58,4.7,224.99,1057.45
289,2025-06-25 01:20:58,3.48,233.31,811.92
290,2025-06-25 01:20:59,9.84,228.47,2248.14
291,2025-06-25 01:20:59,3.29,202.91,667.57
292,2025-06-25 01:21:00,1.5,205.79,308.69
293,2025-06-25 01:21:00,7.23,207.94,1503.41
294,2025-06-25 01:21:01,6.96,236.01,1642.63
295,2025-06-25 01:21:01,1.25,224.2,280.25
296,2025-06-25 01:21:02,2.21,218.36,482.58
297,2025-06-25 01:21:02,8.97,213.06,1911.15
298,2025-06-25 01:21:03,2.95,202.21,596.52
299,2025-06-25 01:21:03,4.17,238.86,996.05
300,2025-06-25 01:21:04,9.2,226.94,2087.85
301,2025-06-25 01:21:04,9.9,216.5,2143.35
302,2025-06-25 01:21:05,1.7,219.85,373.75
303,2025-06-25 01:21:05,6.86,219.94,1508.79
304,2025-06-25 01:21:06,7.67,208.55,1599.58
305,2025-06-25 01:21:06,7.0,205.4,1437.8
306,2025-06-25 01:21:07,9.31,234.99,2187.76
307,2025-06-25 01:21:07,4.89,221.91,1085.14
308,2025-06-25 01:21:08,7.24,210.06,1520.83
309,2025-06-25 01:21:08,3.96,233.82,925.93
310,2025-06-25 01:21:09,3.24,211.1,683.96
311,2025-06-25 01:21:09,5.73,203.02,1163.3
312,2025-06-25 01:21:10,2.23,232.07,517.52
313,2025-06-25 01:21:10,1.52,236.74,359.84
314,2025-06-25 01:21:11,4.31,210.15,905.75
315,2025-06-25 01:21:11,8.26,237.79,1964.15
316,2025-06-25 01:21:12,6.4,220.6,1411.84
317,2025-06-25 01:21:12,9.63,228.36,2199.11
318,2025-06-25 01:21:13,3.17,229.24,726.69
319,2025-06-25 01:21:13,4.1,233.94,959.15
320,2025-06-25 01:21:14,7.52,236.26,1776.68
321,2025-06-25 01:21:14,8.74,201.4,1760.24
322,2025-06-25 01:21:15,7.5,205.0,1537.5
323,2025-06-25 01:21:15,7.91,235.44,1862.33
324,2025-06-25 01:21:16,3.09,211.7,654.15
325,2025-06-25 01:21:16,3.99,205.76,820.98
326,2025-06-25 01:21:17,1.98,238.06,471.36
327,2025-06-25 01:21:17,9.17,210.88,1933.77
328,2025-06-25 01:21:18,1.67,211.18,352.67
329,2025-06-25 01:21:18,5.95,212.66,1265.33
330,2025-06-25 01:21:19,8.16,224.32,1830.45
331,2025-06-25 01:21:19,1.52,225.9,343.37
332,2025-06-25 01:21:20,4.8,214.68,1030.46
333,2025-06-25 01:21:20,4.71,229.79,1082.31
334,2025-06-25 01:21:21,1.72,217.38,373.89
335,2025-06-25 01:21:21,4.17,229.92,958.77
336,2025-06-25 01:21:22,7.88,209.37,1649.84
337,2025-06-25 01:21:22,4.87,212.89,1036.77
338,2025-06-25 01:21:23,3.86,228.07,880.35
339,2025-06-25 01:21:23,2.88,233.86,673.52
340,2025-06-25 01:21:24,5.75,224.91,1293.23
341,2025-06-25 01:21:24,1.17,231.71,271.1
342,2025-06-25 01:21:25,4.47,225.92,1009.86
343,2025-06-25 01:21:25,9.4,222.3,2089.62
344,2025-06-25 01:21:26,2.23,228.94,510.54
345,2025-06-25 01:21:26,7.35,222.46,1635.08
346,2025-06-25 01:21:27,5.89,201.94,1189.43
347,2025-06-25 01:21:27,5.38,225.62,1213.84
348,2025-06-25 01:21:28,6.49,204.04,1324.22
349,2025-06-25 01:21:28,4.63,223.43,1034.48
350,2025-06-25 01:21:29,7.31,205.03,1498.77
351,2025-06-25 01:21:29,7.47,231.51,1729.38
352,2025-06-25 01:21:30,1.33,238.93,317.78
353,2025-06-25 01:21:30,9.62,230.97,2221.93
354,2025-06-25 01:21:31,9.85,206.15,2030.58
355,2025-06-25 01:21:31,4.87,206.3,1004.68
356,2025-06-25 01:21:32,4.95,238.92,1182.65
357,2025-06-25 01:21:32,0.33,234.85,77.5
358,2025-06-25 01:21:33,7.42,226.66,1681.82
359,2025-06-25 01:21:33,0.46,233.49,107.41
360,2025-06-25 01:21:34,6.5,215.73,1402.24
361,2025-06-25 01:21:34,8.61,234.77,2021.37
362,2025-06-25 01:21:35,3.35,231.61,775.89
363,2025-06-25 01:21:35,9.66,222.84,2152.63
364,2025-06-25 01:21:36,9.09,233.19,2119.7
365,2025-06-25 01:21:36,5.91,235.32,1390.74
366,2025-06-25 01:21:37,0.78,205.57,160.34
367,2025-06-25 01:21:37,4.24,219.82,932.04
368,2025-06-25 01:21:38,1.33,203.21,270.27
369,2025-06-25 01:21:38,2.38,220.46,524.69
370,2025-06-25 01:21:39,3.21,200.84,644.7
371,2025-06-25 01:21:39,2.53,217.3,549.77
372,2025-06-25 01:21:40,9.55,237.17,2264.97
373,2025-06-25 01:21:40,7.28,200.42,1459.06
374,2025-06-25 01:21:41,1.31,218.04,285.63
375,2025-06-25 01:21:41,5.04,200.37,1009.86
376,2025-06-25 01:21:42,6.77,229.56,1554.12
377,2025-06-25 01:21:42,3.56,229.71,817.77
378,2025-06-25 01:21:43,7.63,220.41,1681.73
379,2025-06-25 01:21:43,7.37,221.21,1630.32
380,2025-06-25 01:21:44,2.81,207.45,582.93
381,2025-06-25 01:21:44,6.09,204.78,1247.11
382,2025-06-25 01:21:45,8.66,214.89,1860.95
383,2025-06-25 01:21:45,3.17,211.82,671.47
384,2025-06-25 01:21:46,9.97,216.79,2161.4
385,2025-06-25 01:21:46,5.22,233.26,1217.62
386,2025-06-25 01:21:47,5.21,237.24,1236.02
387,2025-06-25 01:21:47,5.06,232.34,1175.64
388,2025-06-25 01:21:48,8.29,235.78,1954.62
389,2025-06-25 01:21:48,8.33,237.0,1974.21
390,2025-06-25 01:21:49,1.89,224.69,424.66
391,2025-06-25 01:21:49,4.0,219.45,877.8
392,2025-06-25 01:21:50,5.75,238.33,1370.4
393,2025-06-25 01:21:50,9.96,223.83,2229.35
394,2025-06-25 01:21:51,9.76,204.17,1992.7
395,2025-06-25 01:21:51,7.8,208.58,1626.92
396,2025-06-25 01:21:52,1.42,214.01,303.89
397,2025-06-25 01:21:52,9.23,239.94,2214.65
398,2025-06-25 01:21:53,4.29,212.18,910.25
399,2025-06-25 01:21:53,7.94,218.19,1732.43
400,2025-06-25 01:21:54,2.61,214.25,559.19
401,2025-06-25 01:21:54,8.89,217.52,1933.75
402,2025-06-25 01:21:55,8.88,238.06,2113.97
403,2025-06-25 01:21:55,2.85,225.76,643.42
404,2025-06-25 01:21:56,6.99,223.51,1562.33
405,2025-06-25 01:21:56,4.09,218.14,892.19
406,2025-06-25 01:21:57,3.94,238.94,941.42
407,2025-06-25 01:21:57,8.88,204.15,1812.85
408,2025-06-25 01:21:58,1.18,219.71,259.26
409,2025-06-25 01:21:58,2.52,223.7,563.72
410,2025-06-25 01:21:59,3.09,235.61,728.03
411,2025-06-25 01:21:59,7.75,215.8,1672.45
412,2025-06-25 01:22:00,2.75,234.48,644.82
413,2025-06-25 01:22:00,2.11,202.6,427.49
414,2025-06-25 01:22:01,7.11,216.13,1536.68
415,2025-06-25 01:22:01,8.93,229.88,2052.83
416,2025-06-25 01:22:02,7.77,206.16,1601.86
417,2025-06-25 01:22:02,9.76,209.31,2042.87
418,2025-06-25 01:22:03,5.26,221.11,1163.04
419,2025-06-25 01:22:03,9.65,202.31,1952.29
420,2025-06-25 01:22:04,2.82,236.62,667.27
421,2025-06-25 01:22:04,0.55,205.23,112.88
422,2025-06-25 01:22:05,5.27,207.91,1095.69
423,2025-06-25 01:22:05,3.17,237.56,753.07
424,2025-06-25 01:22:06,2.39,204.12,487.85
425,2025-06-25 01:22:06,7.56,232.04,1754.22
426,2025-06-25 01:22:07,4.67,206.33,963.56
427,2025-06-25 01:22:07,0.13,228.97,29.77
428,2025-06-25 01:22:08,6.19,216.02,1337.16
429,2025-06-25 01:22:08,4.53,206.0,933.18
430,2025-06-25 01:22:09,0.69,228.0,157.32
431,2025-06-25 01:22:09,7.98,227.66,1816.73
432,2025-06-25 01:22:10,4.12,233.31,961.24
433,2025-06-25 01:22:10,6.92,209.83,1452.02
434,2025-06-25 01:22:11,8.6,220.18,1893.55
435,2025-06-25 01:22:11,0.71,230.5,163.66
436,2025-06-25 01:22:12,1.75,213.01,372.77
437,2025-06-25 01:22:12,7.39,210.19,1553.3
438,2025-06-25 01:22:13,3.55,212.39,753.98
439,2025-06-25 01:22:13,0.97,205.87,199.69
440,2025-06-25 01:22:14,3.27,207.61,678.88
441,2025-06-25 01:22:14,1.53,201.2,307.84
442,2025-06-25 01:22:15,5.87,213.87,1255.42
443,2025-06-25 01:22:15,1.35,229.33,309.6
444,2025-06-25 01:22:16,9.64,228.72,2204.86
445,2025-06-25 01:22:16,2.52,220.88,556.62
446,2025-06-25 01:22:17,0.37,216.05,79.94
447,2025-06-25 01:22:17,9.73,202.7,1972.27
448,2025-06-25 01:22:18,0.41,209.6,85.94
449,2025-06-25 01:22:18,3.0,207.84,623.52
450,2025-06-25 01:22:19,2.84,217.36,617.3
451,2025-06-25 01:22:19,1.54,201.97,311.03
452,2025-06-25 01:22:20,3.6,202.89,730.4
453,2025-06-25 01:22:20,4.62,229.87,1062.0
454,2025-06-25 01:22:21,5.14,203.13,1044.09
455,2025-06-25 01:22:21,3.02,239.43,723.08
456,2025-06-25 01:22:22,5.34,218.06,1164.44
457,2025-06-25 01:22:22,4.46,223.16,995.29
458,2025-06-25 01:22:23,8.05,228.62,1840.39
459,2025-06-25 01:22:23,9.05,236.31,2138.61
460,2025-06-25 01:22:24,8.15,239.88,1955.02
461,2025-06-25 01:22:24,6.23,209.98,1308.18
462,2025-06-25 01:22:25,5.71,233.67,1334.26
463,2025-06-25 01:22:25,9.85,225.24,2218.61
464,2025-06-25 01:22:26,4.09,235.67,963.89
465,2025-06-25 01:22:26,3.27,216.25,707.14
466,2025-06-25 01:22:27,5.11,226.39,1156.85
467,2025-06-25 01:22:27,0.55,221.46,121.8
468,2025-06-25 01:22:28,6.69,226.99,1518.56
469,2025-06-25 01:22:28,2.59,227.66,589.64
470,2025-06-25 01:22:29,1.8,236.56,425.81
471,2025-06-25 01:22:29,3.58,214.6,768.27
472,2025-06-25 01:22:30,2.39,222.62,532.06
473,2025-06-25 01:22:30,6.52,227.99,1486.49
474,2025-06-25 01:22:31,1.09,229.04,249.65
475,2025-06-25 01:22:31,5.06,211.69,1071.15
476,2025-06-25 01:22:32,6.14,216.52,1329.43
477,2025-06-25 01:22:32,9.25,230.07,2128.15
478,2025-06-25 01:22:33,9.89,238.34,2357.18
479,2025-06-25 01:22:33,5.96,219.78,1309.89
480,2025-06-25 01:22:34,9.17,210.89,1933.86
481,2025-06-25 01:22:34,4.05,227.68,922.1
482,2025-06-25 01:22:35,2.59,217.16,562.44
483,2025-06-25 01:22:35,5.88,228.02,1340.76
484,2025-06-25 01:22:36,0.06,216.09,12.97
485,2025-06-25 01:22:36,4.13,209.53,865.36
486,2025-06-25 01:22:37,4.3,235.62,1013.17
487,2025-06-25 01:22:37,8.09,233.89,1892.17
488,2025-06-25 01:22:38,9.92,220.66,2188.95
489,2025-06-25 01:22:38,0.61,220.51,134.51
490,2025-06-25 01:22:39,6.46,217.5,1405.05
491,2025-06-25 01:22:39,5.5,210.43,1157.37
492,2025-06-25 01:22:40,3.43,206.87,709.56
493,2025-06-25 01:22:40,7.41,239.84,1777.21
494,2025-06-25 01:22:41,4.59,232.41,1066.76
495,2025-06-25 01:22:41,2.44,212.18,517.72
496,2025-06-25 01:22:42,8.05,215.59,1735.5
497,2025-06-25 01:22:42,7.82,210.51,1646.19
498,2025-06-25 01:22:43,6.05,200.61,1213.69
499,2025-06-25 01:22:43,9.93,217.19,2156.7
500,2025-06-25 01:22:44,4.47,216.02,965.61
501,2025-06-25 01:22:44,7.39,238.01,1758.89
502,2025-06-25 01:22:45,5.8,213.25,1236.85
503,2025-06-25 01:22:45,8.99,237.56,2135.66
504,2025-06-25 01:22:46,4.31,239.88,1033.88
505,2025-06-25 01:22:46,2.58,228.29,588.99
506,2025-06-25 01:22:47,0.85,214.64,182.44
507,2025-06-25 01:22:47,2.84,215.51,612.05
508,2025-06-25 01:22:48,4.61,237.19,1093.45
509,2025-06-25 01:22:48,6.36,219.21,1394.18
510,2025-06-25 01:22:49,4.57,206.22,942.43
511,2025-06-25 01:22:49,8.91,226.98,2022.39
512,2025-06-25 01:22:50,9.55,201.34,1922.8
513,2025-06-25 01:22:50,2.06,239.78,493.95
514,2025-06-25 01:22:51,7.62,223.73,1704.82
515,2025-06-25 01:22:51,0.21,221.5,46.52
516,2025-06-25 01:22:52,0.97,225.95,219.17
517,2025-06-25 01:22:52,2.54,202.79,515.09
518,2025-06-25 01:22:53,0.1,234.92,23.49
519,2025-06-25 01:22:53,3.94,238.29,938.86
520,2025-06-25 01:22:54,8.68,205.19,1781.05
521,2025-06-25 01:22:54,9.89,210.38,2080.66
522,2025-06-25 01:22:55,8.18,215.59,1763.53
523,2025-06-25 01:22:55,1.49,233.8,348.36
524,2025-06-25 01:22:56,5.95,203.51,1210.88
525,2025-06-25 01:22:56,2.76,222.84,615.04
526,2025-06-25 01:22:57,6.97,203.9,1421.18
527,2025-06-25 01:22:57,8.44,234.0,1974.96
528,2025-06-25 01:22:58,9.75,231.04,2252.64
529,2025-06-25 01:22:58,9.97,210.04,2094.1
530,2025-06-25 01:22:59,8.72,239.56,2088.96
531,2025-06-25 01:22:59,5.18,236.67,1225.95
532,2025-06-25 01:23:00,7.57,239.85,1815.66
533,2025-06-25 01:23:00,4.63,235.08,1088.42
534,2025-06-25 01:23:01,0.53,210.66,111.65
535,2025-06-25 01:23:01,5.37,235.9,1266.78
536,2025-06-25 01:23:02,3.69,215.91,796.71
537,2025-06-25 01:23:02,7.05,226.78,1598.8
538,2025-06-25 01:23:03,5.06,228.63,1156.87
539,2025-06-25 01:23:03,5.75,216.84,1246.83
540,2025-06-25 01:23:04,5.37,228.6,1227.58
541,2025-06-25 01:23:04,8.2,208.84,1712.49
542,2025-06-25 01:23:05,4.93,227.95,1123.79
543,2025-06-25 01:23:05,7.72,229.89,1774.75
544,2025-06-25 01:23:06,4.21,204.33,860.23
545,2025-06-25 01:23:06,1.33,238.42,317.1
546,2025-06-25 01:23:07,6.76,237.18,1603.34
547,2025-06-25 01:23:07,4.34,206.18,894.82
548,2025-06-25 01:23:08,0.62,230.25,142.75
549,2025-06-25 01:23:08,5.72,236.58,1353.24
550,2025-06-25 01:23:09,6.72,231.32,1554.47
551,2025-06-25 01:25:54,6.37,222.36,1416.43
552,2025-06-25 01:25:54,6.72,232.8,1564.42
553,2025-06-25 01:25:55,0.6,207.44,124.46
554,2025-06-25 01:25:55,6.99,234.42,1638.6
555,2025-06-25 01:25:56,9.06,219.37,1987.49
556,2025-06-25 01:25:56,3.95,232.62,918.85
557,2025-06-25 01:25:57,10.0,201.46,2014.6
558,2025-06-25 01:27:27,6.62,236.61,1566.36
559,2025-06-25 01:27:27,0.49,232.6,113.97
560,2025-06-25 01:27:28,4.3,226.64,974.55
561,2025-06-25 01:27:28,7.58,220.66,1672.6
562,2025-06-25 01:27:29,0.89,234.84,209.01
563,2025-06-25 01:27:29,5.8,239.67,1390.09
564,2025-06-25 01:27:30,6.59,226.86,1495.01
565,2025-06-25 01:27:30,7.97,237.05,1889.29
566,2025-06-25 01:27:31,2.3,221.21,508.78
567,2025-06-25 01:27:31,4.8,212.8,1021.44
568,2025-06-25 01:27:32,8.79,214.67,1886.95
569,2025-06-25 01:27:32,8.44,204.97,1729.95
570,2025-06-25 01:27:33,8.96,200.09,1792.81
571,2025-06-25 01:27:33,4.68,211.33,989.02
572,2025-06-25 01:27:34,3.12,201.13,627.53
573,2025-06-25 01:27:34,5.82,231.67,1348.32
574,2025-06-25 01:27:35,8.4,237.99,1999.12
575,2025-06-25 01:27:35,2.97,200.69,596.05
576,2025-06-25 01:27:36,6.4,232.92,1490.69
577,2025-06-25 01:27:36,1.09,234.1,255.17
578,2025-06-25 01:27:37,0.69,237.0,163.53
579,2025-06-25 01:27:37,2.15,226.83,487.68
580,2025-06-25 01:27:38,4.66,210.4,980.46
581,2025-06-25 01:27:38,5.42,207.11,1122.54
582,2025-06-25 01:27:39,2.08,236.04,490.96
583,2025-06-25 01:27:39,2.24,234.36,524.97
584,2025-06-25 01:27:40,5.11,219.69,1122.62
585,2025-06-25 01:27:40,6.98,225.79,1576.01
586,2025-06-25 01:27:41,2.29,225.96,517.45
587,2025-06-25 01:27:41,9.28,204.27,1895.63
588,2025-06-25 01:27:42,7.14,237.85,1698.25
589,2025-06-25 01:27:42,3.94,209.94,827.16
590,2025-06-25 01:27:43,0.02,211.05,4.22
591,2025-06-25 01:27:43,3.48,215.74,750.78
592,2025-06-25 01:27:44,7.35,236.27,1736.58
593,2025-06-25 01:27:44,6.65,220.66,1467.39
594,2025-06-25 01:27:45,8.37,210.79,1764.31
595,2025-06-25 01:27:45,3.12,212.25,662.22
596,2025-06-25 01:27:46,6.52,228.72,1491.25
597,2025-06-25 01:27:46,0.16,200.14,32.02
598,2025-06-25 01:27:47,7.53,201.25,1515.41
599,2025-06-25 01:27:47,9.41,210.07,1976.76
600,2025-06-25 01:27:48,6.54,239.42,1565.81
601,2025-06-25 01:27:48,8.89,218.04,1938.38
602,2025-06-25 01:27:49,2.61,205.06,535.21
603,2025-06-25 01:27:49,9.6,201.03,1929.89
604,2025-06-25 01:27:50,7.95,215.84,1715.93
605,2025-06-25 01:28:49,8.9,213.62,1901.22
606,2025-06-25 01:28:50,6.94,239.15,1659.7
607,2025-06-25 01:28:50,0.36,218.4,78.62
608,2025-06-25 01:28:51,2.68,225.96,605.57
609,2025-06-25 01:28:51,7.12,212.33,1511.79
610,2025-06-25 01:28:52,8.16,232.73,1899.08
611,2025-06-25 01:28:52,9.46,214.79,2031.91
612,2025-06-25 01:28:53,1.27,205.91,261.51
613,2025-06-25 01:28:53,6.96,201.9,1405.22
614,2025-06-25 01:28:54,0.89,239.87,213.48
615,2025-06-25 01:28:54,2.3,203.96,469.11
616,2025-06-25 01:28:55,1.76,217.33,382.5
617,2025-06-25 01:28:55,6.67,200.85,1339.67
618,2025-06-25 01:28:56,6.53,215.89,1409.76
619,2025-06-25 01:28:56,4.3,234.29,1007.45
620,2025-06-25 01:28:57,7.72,216.91,1674.55
621,2025-06-25 01:28:57,9.24,206.33,1906.49
622,2025-06-25 01:28:58,5.91,205.14,1212.38
623,2025-06-25 01:28:58,8.94,218.66,1954.82
624,2025-06-25 01:28:59,6.79,239.93,1629.12
625,2025-06-25 01:28:59,5.78,206.61,1194.21
626,2025-06-25 01:29:00,9.73,212.79,2070.45
627,2025-06-25 01:29:00,2.17,200.43,434.93
628,2025-06-25 01:29:01,3.88,238.31,924.64
629,2025-06-25 01:29:01,9.67,234.54,2268.0
630,2025-06-25 01:29:02,8.04,223.77,1799.11
631,2025-06-25 01:29:02,2.98,213.29,635.6
632,2025-06-25 01:29:03,5.35,238.66,1276.83
633,2025-06-25 01:29:03,4.89,235.21,1150.18
634,2025-06-25 01:29:04,0.63,235.34,148.26
635,2025-06-25 01:29:04,0.92,230.11,211.7
636,2025-06-25 01:29:05,8.22,220.6,1813.33
637,2025-06-25 01:29:05,1.16,217.4,252.18
638,2025-06-25 01:29:06,0.8,227.17,181.74
639,2025-06-25 01:29:06,6.45,225.03,1451.44
640,2025-06-25 01:29:07,2.05,228.42,468.26
641,2025-06-25 01:29:07,5.11,224.13,1145.3
642,2025-06-25 01:29:08,2.82,225.41,635.66
643,2025-06-25 01:29:08,2.33,216.2,503.75
644,2025-06-25 01:29:09,0.59,215.4,127.09
645,2025-06-25 01:29:09,1.23,207.9,255.72
646,2025-06-25 01:29:10,2.63,232.63,611.82
647,2025-06-25 01:29:10,9.91,206.03,2041.76
648,2025-06-25 01:29:11,2.88,214.39,617.44
649,2025-06-25 01:29:11,0.86,208.61,179.4
650,2025-06-25 01:29:12,5.83,231.31,1348.54
651,2025-06-25 01:29:12,5.55,229.35,1272.89
652,2025-06-25 01:29:13,4.07,231.02,940.25
653,2025-06-25 01:29:13,8.59,211.82,1819.53
654,2025-06-25 01:29:14,2.02,232.4,469.45
655,2025-06-25 01:29:14,6.5,206.97,1345.31
656,2025-06-25 01:29:15,3.61,230.79,833.15
657,2025-06-25 01:29:15,4.26,222.26,946.83
658,2025-06-25 01:29:16,1.76,219.04,385.51
659,2025-06-25 01:29:16,1.86,201.47,374.73
660,2025-06-25 01:29:17,1.22,206.19,251.55
661,2025-06-25 01:29:17,5.17,226.97,1173.43
662,2025-06-25 01:29:18,5.37,206.82,1110.62
663,2025-06-25 01:29:18,7.9,226.4,1788.56
664,2025-06-25 01:29:19,6.41,225.84,1447.63
665,2025-06-25 01:29:19,1.48,203.23,300.78
666,2025-06-25 01:29:20,6.35,210.46,1336.42
667,2025-06-25 01:29:20,4.84,211.0,1021.24
668,2025-06-25 01:29:21,8.41,234.45,1971.72
669,2025-06-25 01:29:21,3.76,214.21,805.43
670,2025-06-25 01:29:22,2.93,204.43,598.98
671,2025-06-25 01:29:22,4.67,230.54,1076.62
672,2025-06-25 01:29:23,4.52,223.77,1011.44
673,2025-06-25 01:29:23,0.77,216.98,167.07
674,2025-06-25 01:29:24,1.08,228.89,247.2
675,2025-06-25 01:29:24,6.34,223.92,1419.65
676,2025-06-25 01:29:25,0.68,201.11,136.75
677,2025-06-25 01:29:25,7.47,224.1,1674.03
678,2025-06-25 01:29:26,7.6,231.19,1757.04
679,2025-06-25 01:29:26,2.12,225.47,478.0
680,2025-06-25 01:29:27,4.71,213.21,1004.22
681,2025-06-25 01:29:27,8.7,222.06,1931.92
682,2025-06-25 01:29:28,8.04,210.56,1692.9
683,2025-06-25 01:29:28,3.33,218.91,728.97
684,2025-06-25 01:29:29,6.9,211.03,1456.11
685,2025-06-25 01:29:29,2.5,230.26,575.65
686,2025-06-25 01:29:30,6.75,230.05,1552.84
687,2025-06-25 01:29:30,5.88,217.95,1281.55
688,2025-06-25 01:29:31,2.28,213.74,487.33
689,2025-06-25 01:29:31,5.06,238.12,1204.89
690,2025-06-25 01:29:32,7.01,229.21,1606.76
691,2025-06-25 01:29:32,5.16,235.91,1217.3
692,2025-06-25 01:29:33,2.27,216.01,490.34
693,2025-06-25 01:29:33,3.24,210.34,681.5
694,2025-06-25 01:29:34,4.28,232.21,993.86
695,2025-06-25 01:29:34,3.01,210.82,634.57
696,2025-06-25 01:29:35,7.35,203.97,1499.18
697,2025-06-25 01:29:35,5.38,220.62,1186.94
698,2025-06-25 01:29:36,4.66,220.5,1027.53
699,2025-06-25 01:29:36,1.0,234.94,234.94
700,2025-06-25 01:29:37,2.8,235.46,659.29
701,2025-06-25 01:29:37,0.72,204.7,147.38
702,2025-06-25 01:29:38,7.48,227.32,1700.35
703,2025-06-25 01:29:38,1.58,208.17,328.91
704,2025-06-25 01:29:39,6.67,203.35,1356.34
705,2025-06-25 01:29:39,0.74,202.87,150.12
706,2025-06-25 01:29:40,0.79,239.82,189.46
707,2025-06-25 01:29:40,9.61,229.67,2207.13
708,2025-06-25 01:29:41,9.2,231.2,2127.04
709,2025-06-25 01:29:41,1.67,234.46,391.55
710,2025-06-25 01:29:42,1.11,204.8,227.33
711,2025-06-25 01:29:42,2.38,230.08,547.59
712,2025-06-25 01:29:43,8.23,216.15,1778.91
713,2025-06-25 01:29:43,0.27,209.28,56.51
714,2025-06-25 01:29:44,5.81,226.58,1316.43
715,2025-06-25 01:29:44,3.27,220.25,720.22
716,2025-06-25 01:29:45,9.65,220.58,2128.6
717,2025-06-25 01:29:45,4.17,225.27,939.38
718,2025-06-25 01:29:46,9.49,220.26,2090.27
719,2025-06-25 01:29:46,4.93,210.8,1039.24
720,2025-06-25 01:29:47,8.49,216.91,1841.57
721,2025-06-25 01:29:47,2.27,235.56,534.72
722,2025-06-25 01:29:48,8.48,203.67,1727.12
723,2025-06-25 01:29:48,7.66,206.84,1584.39
724,2025-06-25 01:29:49,6.78,239.63,1624.69
725,2025-06-25 01:29:49,9.65,229.59,2215.54
726,2025-06-25 01:29:50,7.0,213.16,1492.12
727,2025-06-25 01:29:50,2.75,207.79,571.42
728,2025-06-25 01:29:51,7.39,237.62,1756.01
729,2025-06-25 01:29:51,4.97,227.0,1128.19
730,2025-06-25 01:29:52,8.02,210.11,1685.08
731,2025-06-25 01:29:52,3.83,237.41,909.28
732,2025-06-25 01:29:53,5.0,221.2,1106.0
733,2025-06-25 01:29:53,0.78,221.12,172.47
734,2025-06-25 01:29:54,3.57,236.74,845.16
735,2025-06-25 01:29:54,1.45,209.23,303.38
736,2025-06-25 01:29:55,5.99,205.1,1228.55
737,2025-06-25 01:29:55,2.0,234.79,469.58
738,2025-06-25 01:29:56,0.49,232.79,114.07
739,2025-06-25 01:29:56,2.53,238.81,604.19
740,2025-06-25 01:29:57,7.39,239.73,1771.6
741,2025-06-25 01:29:57,7.65,209.76,1604.66
742,2025-06-25 01:29:58,1.56,211.18,329.44
743,2025-06-25 01:29:58,0.43,239.29,102.89
744,2025-06-25 01:29:59,2.06,209.03,430.6
745,2025-06-25 01:29:59,7.39,220.98,1633.04
746,2025-06-25 01:30:00,9.68,203.04,1965.43
747,2025-06-25 01:30:00,4.58,201.75,924.01
748,2025-06-25 01:30:01,9.61,238.58,2292.75
749,2025-06-25 01:30:01,4.71,234.53,1104.64
750,2025-06-25 01:30:02,7.63,230.17,1756.2
751,2025-06-25 01:30:02,6.11,216.82,1324.77
752,2025-06-25 01:30:03,4.81,219.57,1056.13
753,2025-06-25 01:30:03,5.51,211.59,1165.86
754,2025-06-25 01:30:04,4.15,216.15,897.02
755,2025-06-25 01:30:04,9.16,204.89,1876.79
756,2025-06-25 01:30:05,9.04,234.55,2120.33
757,2025-06-25 01:30:05,5.48,216.93,1188.78
758,2025-06-25 01:30:06,8.64,230.41,1990.74
759,2025-06-25 01:30:06,1.39,206.93,287.63
760,2025-06-25 01:30:07,8.99,237.47,2134.86
761,2025-06-25 01:30:07,4.25,228.09,969.38
762,2025-06-25 01:30:08,3.79,201.87,765.09
763,2025-06-25 01:30:08,6.6,208.93,1378.94
764,2025-06-25 01:30:09,8.84,222.59,1967.7
765,2025-06-25 01:30:09,0.2,227.17,45.43
766,2025-06-25 01:30:10,0.21,225.62,47.38
767,2025-06-25 01:30:10,8.37,228.18,1909.87
768,2025-06-25 01:30:11,1.01,232.27,234.59
769,2025-06-25 01:30:11,9.55,225.04,2149.13
770,2025-06-25 01:30:12,7.05,203.84,1437.07
771,2025-06-25 01:30:12,1.91,203.86,389.37
772,2025-06-25 01:30:13,8.72,234.46,2044.49
773,2025-06-25 01:30:13,7.27,229.39,1667.67
774,2025-06-25 01:30:14,4.62,232.89,1075.95
775,2025-06-25 01:30:14,0.87,214.91,186.97
776,2025-06-25 01:30:15,2.95,216.09,637.47
777,2025-06-25 01:30:15,2.9,210.61,610.77
778,2025-06-25 01:30:16,4.67,230.71,1077.42
779,2025-06-25 01:30:16,6.77,233.07,1577.88
780,2025-06-25 01:30:17,5.05,219.09,1106.4
781,2025-06-25 01:30:17,9.67,201.54,1948.89
782,2025-06-25 01:30:18,0.08,215.86,17.27
783,2025-06-25 01:30:18,6.76,236.6,1599.42
784,2025-06-25 01:30:19,6.95,214.94,1493.83
785,2025-06-25 01:30:19,9.21,213.17,1963.3
786,2025-06-25 01:30:20,2.68,234.77,629.18
787,2025-06-25 01:30:20,3.21,220.24,706.97
788,2025-06-25 01:30:21,6.63,215.54,1429.03
789,2025-06-25 01:30:21,2.39,211.44,505.34
790,2025-06-25 01:30:22,7.28,223.44,1626.64
791,2025-06-25 01:30:22,5.44,233.99,1272.91
792,2025-06-25 01:30:23,1.27,220.98,280.64
793,2025-06-25 01:30:23,0.95,213.94,203.24
794,2025-06-25 01:30:24,3.53,227.65,803.6
795,2025-06-25 01:30:24,6.35,219.18,1391.79
796,2025-06-25 01:30:25,3.13,221.91,694.58
797,2025-06-25 01:30:25,2.43,228.87,556.15
798,2025-06-25 01:30:26,4.68,226.46,1059.83
799,2025-06-25 01:30:26,2.35,208.1,489.04
800,2025-06-25 01:30:27,0.35,208.38,72.93
801,2025-06-25 01:30:27,3.97,207.4,823.38
802,2025-06-25 01:30:28,2.83,210.79,596.54
803,2025-06-25 01:30:28,0.24,238.1,57.14
804,2025-06-25 01:30:29,8.41,224.73,1889.98
805,2025-06-25 01:30:29,4.1,209.96,860.84
806,2025-06-25 01:30:30,4.66,203.37,947.7
807,2025-06-25 01:30:30,9.35,235.11,2198.28
808,2025-06-25 01:30:31,6.59,232.18,1530.07
809,2025-06-25 01:30:31,0.53,230.59,122.21
810,2025-06-25 01:30:32,6.85,228.08,1562.35
811,2025-06-25 01:30:32,4.53,229.96,1041.72
812,2025-06-25 01:30:33,8.6,236.39,2032.95
813,2025-06-25 01:30:33,2.93,236.54,693.06
814,2025-06-25 01:30:34,1.14,233.55,266.25
815,2025-06-25 01:30:34,8.7,237.88,2069.56
816,2025-06-25 01:30:35,1.9,211.79,402.4
817,2025-06-25 01:30:35,2.91,222.91,648.67
818,2025-06-25 01:30:36,7.17,217.72,1561.05
819,2025-06-25 01:30:36,7.57,238.08,1802.27
820,2025-06-25 01:30:37,2.8,226.56,634.37
821,2025-06-25 01:30:37,7.06,239.13,1688.26
822,2025-06-25 01:30:38,2.79,230.35,642.68
823,2025-06-25 01:30:38,9.81,227.35,2230.3
824,2025-06-25 01:30:39,8.32,237.04,1972.17
825,2025-06-25 01:30:39,5.36,223.14,1196.03
826,2025-06-25 01:30:40,8.66,223.8,1938.11
827,2025-06-25 01:30:40,7.54,223.63,1686.17
828,2025-06-25 01:30:41,6.22,205.59,1278.77
829,2025-06-25 01:30:41,6.93,231.33,1603.12
830,2025-06-25 01:30:42,8.73,201.17,1756.21
831,2025-06-25 01:30:42,7.51,204.69,1537.22
832,2025-06-25 01:30:43,5.86,218.4,1279.82
833,2025-06-25 01:30:43,8.87,208.2,1846.73
834,2025-06-25 01:30:44,4.67,232.39,1085.26
835,2025-06-25 01:30:44,5.89,238.45,1404.47
836,2025-06-25 01:30:45,1.82,238.7,434.43
837,2025-06-25 01:30:45,6.28,225.18,1414.13
838,2025-06-25 01:30:46,3.2,239.35,765.92
839,2025-06-25 01:30:46,7.41,205.46,1522.46
840,2025-06-25 01:30:47,5.84,232.94,1360.37
841,2025-06-25 01:30:47,1.09,235.75,256.97
842,2025-06-25 01:30:48,2.51,223.56,561.14
843,2025-06-25 01:30:48,5.78,234.85,1357.43
844,2025-06-25 01:30:49,5.72,233.94,1338.14
845,2025-06-25 01:30:49,4.92,214.02,1052.98
846,2025-06-25 01:30:50,5.83,217.59,1268.55
847,2025-06-25 01:30:50,1.89,236.75,447.46
848,2025-06-25 01:30:51,9.21,235.11,2165.36
849,2025-06-25 01:30:51,2.14,221.01,472.96
850,2025-06-25 01:30:52,9.58,210.7,2018.51
851,2025-06-25 01:30:52,3.25,214.9,698.43
852,2025-06-25 01:30:53,3.67,211.64,776.72
853,2025-06-25 01:30:53,9.89,217.53,2151.37
854,2025-06-25 01:30:54,9.27,206.45,1913.79
855,2025-06-25 01:30:54,6.48,230.32,1492.47
856,2025-06-25 01:30:55,6.54,237.32,1552.07
857,2025-06-25 01:30:55,4.97,231.49,1150.51
858,2025-06-25 01:30:56,4.12,239.44,986.49
859,2025-06-25 01:30:56,4.04,208.67,843.03
860,2025-06-25 01:30:57,2.47,204.88,506.05
861,2025-06-25 01:30:57,9.76,201.94,1970.93
862,2025-06-25 01:30:58,6.77,232.98,1577.27
863,2025-06-25 01:30:58,3.74,233.96,875.01
864,2025-06-25 01:30:59,5.42,227.34,1232.18
865,2025-06-25 01:30:59,1.26,234.28,295.19
866,2025-06-25 01:31:00,1.36,238.17,323.91
867,2025-06-25 01:31:00,1.57,216.14,339.34
868,2025-06-25 01:31:01,2.23,215.88,481.41
869,2025-06-25 01:31:01,5.75,230.9,1327.67
870,2025-06-25 01:31:02,0.35,222.71,77.95
871,2025-06-25 01:31:02,5.21,238.86,1244.46
872,2025-06-25 01:31:03,9.63,235.4,2266.9
873,2025-06-25 01:31:03,9.96,210.15,2093.09
874,2025-06-25 01:31:04,8.74,203.33,1777.1
875,2025-06-25 01:31:04,0.34,238.37,81.05
876,2025-06-25 01:31:05,3.59,221.85,796.44
877,2025-06-25 01:31:05,1.31,230.97,302.57
878,2025-06-25 01:31:06,2.02,213.18,430.62
879,2025-06-25 01:31:06,8.15,230.04,1874.83
880,2025-06-25 01:31:07,9.23,237.44,2191.57
881,2025-06-25 01:31:07,0.61,237.34,144.78
882,2025-06-25 01:31:08,0.01,229.76,2.3
883,2025-06-25 01:31:08,3.31,216.62,717.01
884,2025-06-25 01:31:09,6.23,201.45,1255.03
885,2025-06-25 01:31:09,2.07,212.26,439.38
886,2025-06-25 01:31:10,3.59,231.22,830.08
887,2025-06-25 01:31:10,9.67,205.11,1983.41
888,2025-06-25 01:31:11,3.6,202.04,727.34
889,2025-06-25 01:31:11,5.61,225.21,1263.43
890,2025-06-25 01:31:12,2.06,221.88,457.07
891,2025-06-25 01:31:12,9.46,207.44,1962.38
892,2025-06-25 01:31:13,9.04,226.46,2047.2
893,2025-06-25 01:31:13,7.71,225.44,1738.14
894,2025-06-25 01:31:14,2.13,215.4,458.8
895,2025-06-25 01:31:14,5.2,223.18,1160.54
896,2025-06-25 01:31:15,5.02,233.59,1172.62
897,2025-06-25 01:31:15,9.61,229.19,2202.52
898,2025-06-25 01:31:16,0.95,239.07,227.12
899,2025-06-25 01:31:16,1.12,218.4,244.61
900,2025-06-25 01:31:17,3.4,231.38,786.69
901,2025-06-25 01:31:17,6.23,205.94,1283.01
902,2025-06-25 01:31:18,9.84,237.88,2340.74
903,2025-06-25 01:31:18,4.67,206.03,962.16
904,2025-06-25 01:31:19,0.97,209.08,202.81
905,2025-06-25 01:31:19,3.63,232.49,843.94
906,2025-06-25 01:31:20,7.84,209.16,1639.81
907,2025-06-25 01:31:20,9.29,236.8,2199.87
908,2025-06-25 01:31:21,0.6,204.19,122.51
909,2025-06-25 01:31:21,6.43,206.56,1328.18
910,2025-06-25 01:31:22,4.66,210.87,982.65
911,2025-06-25 01:31:22,5.27,213.43,1124.78
912,2025-06-25 01:31:23,2.14,221.46,473.92
913,2025-06-25 01:31:23,2.05,218.19,447.29
914,2025-06-25 01:31:24,3.03,236.47,716.5
915,2025-06-25 01:31:24,2.66,213.45,567.78
916,2025-06-25 01:31:25,4.97,213.56,1061.39
917,2025-06-25 01:31:25,8.56,204.12,1747.27
918,2025-06-25 01:31:26,8.34,238.42,1988.42
919,2025-06-25 01:31:26,2.09,224.06,468.29
920,2025-06-25 01:31:27,2.03,202.5,411.07
921,2025-06-25 01:31:27,0.93,211.51,196.7
922,2025-06-25 01:31:28,3.04,222.06,675.06
923,2025-06-25 01:31:28,8.58,225.9,1938.22
924,2025-06-25 01:31:29,4.47,222.98,996.72
925,2025-06-25 01:31:29,7.53,236.21,1778.66
926,2025-06-25 01:31:30,2.84,203.38,577.6
927,2025-06-25 01:31:30,0.36,226.17,81.42
928,2025-06-25 01:31:31,4.82,221.27,1066.52
929,2025-06-25 01:31:31,2.61,220.98,576.76
930,2025-06-25 01:31:32,7.56,233.31,1763.82
931,2025-06-25 01:31:32,2.85,233.61,665.79
932,2025-06-25 01:31:33,2.69,213.23,573.59
933,2025-06-25 01:31:33,0.05,206.44,10.32
934,2025-06-25 01:31:34,6.01,230.36,1384.46
935,2025-06-25 01:31:34,5.64,226.05,1274.92
936,2025-06-25 01:31:35,2.34,232.08,543.07
937,2025-06-25 01:31:35,4.12,230.17,948.3
938,2025-06-25 01:31:36,8.75,237.87,2081.36
939,2025-06-25 01:31:36,5.54,209.89,1162.79
940,2025-06-25 01:31:37,2.82,210.76,594.34
941,2025-06-25 01:31:37,2.35,219.12,514.93
942,2025-06-25 01:31:38,2.91,204.82,596.03
943,2025-06-25 01:31:38,1.18,205.19,242.12
944,2025-06-25 01:31:39,1.12,234.32,262.44
945,2025-06-25 01:31:39,2.2,206.27,453.79
946,2025-06-25 01:31:40,0.08,231.0,18.48
947,2025-06-25 01:31:40,5.69,232.94,1325.43
948,2025-06-25 01:31:41,8.7,216.84,1886.51
949,2025-06-25 01:31:41,4.82,208.08,1002.95
950,2025-06-25 01:31:42,4.71,229.26,1079.81
951,2025-06-25 01:31:42,2.78,232.54,646.46
952,2025-06-25 01:31:43,5.5,221.79,1219.85
953,2025-06-25 01:31:43,2.08,219.1,455.73
954,2025-06-25 01:31:44,7.24,226.26,1638.12
955,2025-06-25 01:31:44,8.53,238.2,2031.85
956,2025-06-25 01:31:45,1.27,231.43,293.92
957,2025-06-25 01:31:45,6.28,213.59,1341.35
958,2025-06-25 01:31:46,6.96,239.93,1669.91
959,2025-06-25 01:31:46,9.51,239.08,2273.65
960,2025-06-25 01:31:47,4.51,205.38,926.26
961,2025-06-25 01:31:47,3.27,201.97,660.44
962,2025-06-25 01:31:48,3.44,204.01,701.79
963,2025-06-25 01:31:48,2.74,232.3,636.5
964,2025-06-25 01:31:49,6.7,208.02,1393.73
965,2025-06-25 01:31:49,5.48,207.2,1135.46
966,2025-06-25 01:31:50,9.03,213.36,1926.64
967,2025-06-25 01:31:50,5.49,208.79,1146.26
968,2025-06-25 01:31:51,5.79,220.4,1276.12
969,2025-06-25 01:31:51,8.95,212.74,1904.02
970,2025-06-25 01:31:52,6.79,226.23,1536.1
971,2025-06-25 01:31:52,2.73,219.49,599.21
972,2025-06-25 01:31:53,7.15,217.53,1555.34
973,2025-06-25 01:31:53,9.49,217.44,2063.51
974,2025-06-25 01:31:54,2.39,210.39,502.83
975,2025-06-25 01:31:54,7.61,224.11,1705.48
976,2025-06-25 01:31:55,0.98,228.04,223.48
977,2025-06-25 01:31:55,9.09,233.14,2119.24
978,2025-06-25 01:31:56,3.08,205.59,633.22
979,2025-06-25 01:31:56,7.06,216.91,1531.38
980,2025-06-25 01:31:57,3.95,237.03,936.27
981,2025-06-25 01:31:57,3.9,209.15,815.69
982,2025-06-25 01:31:58,6.16,211.69,1304.01
983,2025-06-25 01:31:58,7.85,207.48,1628.72
984,2025-06-25 01:31:59,8.87,209.49,1858.18
985,2025-06-25 01:31:59,4.41,237.09,1045.57
986,2025-06-25 01:32:00,0.31,224.78,69.68
987,2025-06-25 01:32:00,1.38,227.34,313.73
988,2025-06-25 01:32:01,4.8,231.96,1113.41
989,2025-06-25 01:32:01,5.57,219.23,1221.11
990,2025-06-25 01:32:02,5.1,204.74,1044.17
991,2025-06-25 01:32:02,4.86,212.39,1032.22
992,2025-06-25 01:32:03,9.15,206.75,1891.76
993,2025-06-25 01:32:03,8.0,225.12,1800.96
994,2025-06-25 01:32:04,7.53,237.49,1788.3
995,2025-06-25 01:32:04,0.79,213.1,168.35
996,2025-06-25 01:32:05,5.88,204.59,1202.99
997,2025-06-25 01:32:05,9.31,207.14,1928.47
998,2025-06-25 01:32:06,7.02,235.11,1650.47
999,2025-06-25 01:32:06,9.81,223.53,2192.83
1000,2025-06-25 01:32:07,3.56,202.47,720.79
1001,2025-06-25 01:32:07,0.9,206.18,185.56
1002,2025-06-25 01:32:08,2.0,226.49,452.98
1003,2025-06-25 01:32:08,1.73,214.21,370.58
1004,2025-06-25 01:32:09,5.65,214.85,1213.9
1005,2025-06-25 01:32:09,9.14,202.18,1847.93
1006,2025-06-25 01:32:10,4.63,213.3,987.58
1007,2025-06-25 01:32:10,9.11,215.86,1966.48
1008,2025-06-25 01:32:11,1.68,222.31,373.48
1009,2025-06-25 01:32:11,4.52,201.41,910.37
1010,2025-06-25 01:32:12,7.02,216.22,1517.86
1011,2025-06-25 01:32:12,9.35,210.22,1965.56
1012,2025-06-25 01:32:13,9.33,208.78,1947.92
1013,2025-06-25 01:32:13,0.8,218.91,175.13
1014,2025-06-25 01:32:14,3.55,210.74,748.13
1015,2025-06-25 01:32:14,3.81,223.83,852.79
1016,2025-06-25 01:32:15,1.42,203.3,288.69
1017,2025-06-25 01:32:15,5.19,227.23,1179.32
1018,2025-06-25 01:32:16,1.05,201.7,211.78
1019,2025-06-25 01:32:16,1.86,228.2,424.45
1020,2025-06-25 01:32:17,7.7,217.96,1678.29
1021,2025-06-25 01:32:17,8.43,237.38,2001.11
1022,2025-06-25 01:32:18,9.18,215.82,1981.23
1023,2025-06-25 01:32:18,5.74,225.04,1291.73
1024,2025-06-25 01:32:19,5.41,218.42,1181.65
1025,2025-06-25 01:32:19,3.57,219.55,783.79
1026,2025-06-25 01:32:20,5.74,203.6,1168.66
1027,2025-06-25 01:32:20,6.59,237.4,1564.47
1028,2025-06-25 01:32:21,6.93,207.59,1438.6
1029,2025-06-25 01:32:21,9.23,229.23,2115.79
1030,2025-06-25 01:32:22,1.54,224.1,345.11
1031,2025-06-25 01:32:22,3.7,233.48,863.88
1032,2025-06-25 01:32:23,5.06,204.55,1035.02
1033,2025-06-25 01:32:23,1.98,219.07,433.76
1034,2025-06-25 01:32:24,0.35,221.64,77.57
1035,2025-06-25 01:32:24,0.56,229.4,128.46
1036,2025-06-25 01:32:25,6.27,238.42,1494.89
1037,2025-06-25 01:32:25,0.07,233.71,16.36
1038,2025-06-25 01:32:26,4.34,212.43,921.95
1039,2025-06-25 01:32:26,0.35,218.3,76.41
1040,2025-06-25 01:32:27,7.83,213.2,1669.36
1041,2025-06-25 01:32:27,0.9,221.23,199.11
1042,2025-06-25 01:32:28,4.14,216.75,897.34
1043,2025-06-25 01:32:28,0.59,201.22,118.72
1044,2025-06-25 01:32:29,0.01,226.24,2.26
1045,2025-06-25 01:32:29,0.82,238.57,195.63
1046,2025-06-25 01:32:30,6.29,217.15,1365.87
1047,2025-06-25 01:32:30,5.33,226.01,1204.63
1048,2025-06-25 01:32:31,5.7,228.19,1300.68
1049,2025-06-25 01:32:31,0.8,216.89,173.51
1050,2025-06-25 01:32:32,3.84,228.59,877.79
1051,2025-06-25 01:32:32,8.23,208.05,1712.25
1052,2025-06-25 01:32:33,9.52,229.5,2184.84
1053,2025-06-25 01:32:33,4.67,239.51,1118.51
1054,2025-06-25 01:32:34,5.09,238.16,1212.23
1055,2025-06-25 01:32:34,8.4,215.07,1806.59
1056,2025-06-25 01:32:35,1.38,222.54,307.11
1057,2025-06-25 01:32:35,0.67,201.5,135.0
1058,2025-06-25 01:32:36,0.64,222.35,142.3
1059,2025-06-25 01:32:36,2.54,200.6,509.52
1060,2025-06-25 01:32:37,1.42,206.93,293.84
1061,2025-06-25 01:32:37,0.28,223.89,62.69
1062,2025-06-25 01:32:38,5.66,237.51,1344.31
1063,2025-06-25 01:32:38,8.15,220.07,1793.57
1064,2025-06-25 01:32:39,9.79,225.13,2204.02
1065,2025-06-25 01:32:39,7.82,223.17,1745.19
1066,2025-06-25 01:32:40,6.49,214.3,1390.81
1067,2025-06-25 01:32:40,7.25,213.22,1545.85
1068,2025-06-25 01:32:41,5.52,216.03,1192.49
1069,2025-06-25 01:32:41,6.93,223.77,1550.73
1070,2025-06-25 01:32:42,5.69,200.29,1139.65
1071,2025-06-25 01:32:42,7.61,229.32,1745.13
1072,2025-06-25 01:32:43,1.06,208.72,221.24
1073,2025-06-25 01:32:43,0.87,220.57,191.9
1074,2025-06-25 01:32:44,0.52,202.76,105.44
1075,2025-06-25 01:32:44,9.65,222.05,2142.78
1076,2025-06-25 01:32:45,7.78,229.45,1785.12
1077,2025-06-25 01:32:45,5.38,215.4,1158.85
1078,2025-06-25 01:32:46,4.77,232.84,1110.65
1079,2025-06-25 01:32:46,6.94,204.23,1417.36
1080,2025-06-25 01:32:47,7.73,206.95,1599.72
1081,2025-06-25 01:32:47,1.02,209.91,214.11
1082,2025-06-25 01:32:48,7.88,225.77,1779.07
1083,2025-06-25 01:32:48,3.15,237.99,749.67
1084,2025-06-25 01:32:49,3.43,226.6,777.24
1085,2025-06-25 01:32:49,3.92,235.91,924.77
1086,2025-06-25 01:32:50,1.63,216.1,352.24
1087,2025-06-25 01:32:50,3.86,207.27,800.06
1088,2025-06-25 01:32:51,9.74,232.16,2261.24
1089,2025-06-25 01:32:51,7.76,229.49,1780.84
1090,2025-06-25 01:32:52,1.77,217.75,385.42
1091,2025-06-25 01:32:52,2.59,225.69,584.54
1092,2025-06-25 01:32:53,4.65,201.57,937.3
1093,2025-06-25 01:32:53,3.16,239.55,756.98
1094,2025-06-25 01:32:54,4.79,215.41,1031.81
1095,2025-06-25 01:32:54,8.69,210.65,1830.55
1096,2025-06-25 01:32:55,1.56,217.81,339.78
1097,2025-06-25 01:32:55,7.0,221.16,1548.12
1098,2025-06-25 01:32:56,4.28,206.86,885.36
1099,2025-06-25 01:32:56,3.93,233.71,918.48
1100,2025-06-25 01:32:57,2.55,218.94,558.3
1101,2025-06-25 01:32:57,0.38,212.81,80.87
1102,2025-06-25 01:32:58,0.18,204.98,36.9
1103,2025-06-25 01:32:58,4.7,222.69,1046.64
1104,2025-06-25 01:32:59,8.41,231.28,1945.06
1105,2025-06-25 01:32:59,8.75,211.96,1854.65
1106,2025-06-25 01:33:00,4.39,216.07,948.55
1107,2025-06-25 01:33:00,2.37,218.54,517.94
1108,2025-06-25 01:33:01,0.35,232.86,81.5
1109,2025-06-25 01:33:01,0.78,237.67,185.38
1110,2025-06-25 01:33:02,6.97,224.04,1561.56
1111,2025-06-25 01:33:02,5.28,236.43,1248.35
1112,2025-06-25 01:33:03,6.51,214.7,1397.7
1113,2025-06-25 01:33:03,8.92,213.22,1901.92
1114,2025-06-25 01:33:04,0.42,202.26,84.95
1115,2025-06-25 01:33:04,9.29,219.43,2038.5
1116,2025-06-25 01:33:05,0.54,228.43,123.35
1117,2025-06-25 01:33:05,7.95,214.36,1704.16
1118,2025-06-25 01:33:06,3.14,221.06,694.13
1119,2025-06-25 01:33:06,8.21,202.71,1664.25
1120,2025-06-25 01:33:07,0.05,212.42,10.62
1121,2025-06-25 01:33:07,8.03,219.52,1762.75
1122,2025-06-25 01:33:08,4.19,229.82,962.95
1123,2025-06-25 01:33:08,5.19,221.52,1149.69
1124,2025-06-25 01:33:09,2.99,226.75,677.98
1125,2025-06-25 01:33:09,6.02,229.07,1379.0
1126,2025-06-25 01:33:10,2.91,235.73,685.97
1127,2025-06-25 01:33:10,3.74,205.47,768.46
1128,2025-06-25 01:33:11,3.62,233.04,843.6
1129,2025-06-25 01:33:11,4.06,225.22,914.39
1130,2025-06-25 01:33:12,5.69,211.82,1205.26
1131,2025-06-25 01:33:12,0.51,206.51,105.32
1132,2025-06-25 01:33:13,9.37,207.47,1943.99
1133,2025-06-25 01:33:13,4.18,213.69,893.22
1134,2025-06-25 01:33:14,0.46,231.48,106.48
1135,2025-06-25 01:33:14,8.17,231.3,1889.72
1136,2025-06-25 01:33:15,9.69,231.15,2239.84
1137,2025-06-25 01:33:15,4.72,220.7,1041.7
1138,2025-06-25 01:33:16,9.58,228.56,2189.6
1139,2025-06-25 01:33:16,8.04,231.65,1862.47
1140,2025-06-25 01:33:17,2.55,231.19,589.53
1141,2025-06-25 01:33:17,0.29,200.7,58.2
1142,2025-06-25 01:33:18,8.66,209.76,1816.52
1143,2025-06-25 01:33:18,2.45,233.68,572.52
1144,2025-06-25 01:33:19,3.03,211.59,641.12
1145,2025-06-25 01:33:19,6.59,239.45,1577.98
1146,2025-06-25 01:33:20,5.35,200.07,1070.37
1147,2025-06-25 01:33:20,0.39,215.21,83.93
1148,2025-06-25 01:33:21,8.64,212.26,1833.93
1149,2025-06-25 01:33:21,7.79,203.77,1587.37
1150,2025-06-25 01:33:22,7.55,200.68,1515.13
1151,2025-06-25 01:33:22,3.92,207.06,811.68
1152,2025-06-25 01:33:23,2.71,226.02,612.51
1153,2025-06-25 01:33:23,2.47,234.35,578.84
1154,2025-06-25 01:33:24,5.42,230.75,1250.66
1155,2025-06-25 01:33:24,6.37,206.72,1316.81
1156,2025-06-25 01:33:25,2.5,200.71,501.78
1157,2025-06-25 01:33:25,4.79,213.03,1020.41
1158,2025-06-25 01:33:26,9.27,239.93,2224.15
1159,2025-06-25 01:33:26,7.46,223.83,1669.77
1160,2025-06-25 01:33:27,1.63,228.94,373.17
1161,2025-06-25 01:33:27,4.22,232.84,982.58
1162,2025-06-25 01:33:28,4.1,211.96,869.04
1163,2025-06-25 01:33:28,3.05,233.77,713.0
1164,2025-06-25 01:33:29,0.81,236.76,191.78
1165,2025-06-25 01:33:29,0.0,236.7,0.0
1166,2025-06-25 01:33:30,3.13,214.84,672.45
1167,2025-06-25 01:33:30,9.4,208.92,1963.85
1168,2025-06-25 01:33:31,0.39,233.16,90.93
1169,2025-06-25 01:33:31,4.11,216.16,888.42
1170,2025-06-25 01:33:32,3.11,207.46,645.2
1171,2025-06-25 01:33:32,0.61,201.76,123.07
1172,2025-06-25 01:33:33,9.36,208.09,1947.72
1173,2025-06-25 01:33:33,0.95,230.53,219.0
1174,2025-06-25 01:33:34,1.22,228.83,279.17
1175,2025-06-25 01:33:34,3.91,232.08,907.43
1176,2025-06-25 01:33:35,0.97,224.28,217.55
1177,2025-06-25 01:33:35,2.06,216.83,446.67
1178,2025-06-25 01:33:36,0.68,207.65,141.2
1179,2025-06-25 01:33:36,2.97,204.37,606.98
1180,2025-06-25 01:33:37,6.58,233.03,1533.34
1181,2025-06-25 01:33:37,3.93,235.54,925.67
1182,2025-06-25 01:33:38,0.61,236.1,144.02
1183,2025-06-25 01:33:38,8.55,206.18,1762.84
1184,2025-06-25 01:33:39,9.39,237.08,2226.18
1185,2025-06-25 01:33:39,3.91,227.21,888.39
1186,2025-06-25 01:33:40,4.34,211.58,918.26
1187,2025-06-25 01:33:40,2.94,208.29,612.37
1188,2025-06-25 01:33:41,2.47,218.8,540.44
1189,2025-06-25 01:33:41,7.49,212.25,1589.75
1190,2025-06-25 01:33:42,8.45,232.81,1967.24
1191,2025-06-25 01:33:42,0.69,213.34,147.2
1192,2025-06-25 01:33:43,0.72,213.72,153.88
1193,2025-06-25 01:33:43,2.18,228.11,497.28
1194,2025-06-25 01:33:44,0.75,228.91,171.68
1195,2025-06-25 01:33:44,7.43,221.26,1643.96
1196,2025-06-25 01:33:45,8.79,203.76,1791.05
1197,2025-06-25 01:33:45,9.02,220.47,1988.64
1198,2025-06-25 01:33:46,9.45,205.87,1945.47
1199,2025-06-25 01:33:46,3.31,232.17,768.48
1200,2025-06-25 01:33:47,0.83,221.37,183.74
1201,2025-06-25 01:33:47,9.24,221.98,2051.1
1202,2025-06-25 01:33:48,9.97,210.63,2099.98
1203,2025-06-25 01:33:48,6.82,223.46,1524.0
1204,2025-06-25 01:33:49,1.29,200.33,258.43
1205,2025-06-25 01:33:49,0.34,221.59,75.34
1206,2025-06-25 01:33:50,5.7,205.42,1170.89
1207,2025-06-25 01:33:50,0.92,232.25,213.67
1208,2025-06-25 01:33:51,3.89,208.58,811.38
1209,2025-06-25 01:33:51,9.21,211.63,1949.11
1210,2025-06-25 01:33:52,5.27,237.5,1251.62
1211,2025-06-25 01:33:52,8.75,208.27,1822.36
1212,2025-06-25 01:33:53,3.98,230.76,918.42
1213,2025-06-25 01:33:53,0.12,211.62,25.39
1214,2025-06-25 01:33:54,8.51,208.57,1774.93
1215,2025-06-25 01:33:54,8.64,201.41,1740.18
1216,2025-06-25 01:33:55,9.0,209.54,1885.86
1217,2025-06-25 01:33:55,6.42,235.28,1510.5
1218,2025-06-25 01:33:56,6.05,201.75,1220.59
1219,2025-06-25 01:33:56,3.58,224.85,804.96
1220,2025-06-25 01:33:57,5.99,204.07,1222.38
1221,2025-06-25 01:33:57,5.35,221.39,1184.44
1222,2025-06-25 01:33:58,8.2,218.98,1795.64
1223,2025-06-25 01:33:58,3.5,217.38,760.83
1224,2025-06-25 01:33:59,0.22,202.18,44.48
1225,2025-06-25 01:33:59,4.71,229.23,1079.67
1226,2025-06-25 01:34:00,8.35,213.76,1784.9
1227,2025-06-25 01:34:00,2.57,229.58,590.02
1228,2025-06-25 01:34:01,1.1,202.51,222.76
1229,2025-06-25 01:34:01,8.88,218.57,1940.9
1230,2025-06-25 01:34:02,4.47,210.58,941.29
1231,2025-06-25 01:34:02,3.82,200.18,764.69
1232,2025-06-25 01:34:03,8.1,203.14,1645.43
1233,2025-06-25 01:34:03,2.01,237.26,476.89
1234,2025-06-25 01:34:04,0.5,237.38,118.69
1235,2025-06-25 01:34:04,2.83,228.43,646.46
1236,2025-06-25 01:34:05,1.48,223.46,330.72
1237,2025-06-25 01:34:05,2.88,236.86,682.16
1238,2025-06-25 01:34:06,6.63,227.23,1506.53
1239,2025-06-25 01:34:06,6.89,220.99,1522.62
1240,2025-06-25 01:34:07,9.91,210.64,2087.44
1241,2025-06-25 01:34:07,3.09,201.13,621.49
1242,2025-06-25 01:34:08,0.42,237.91,99.92
1243,2025-06-25 01:34:08,5.93,231.13,1370.6
1244,2025-06-25 01:34:09,0.69,233.77,161.3
1245,2025-06-25 01:34:09,6.25,237.98,1487.38
1246,2025-06-25 01:34:10,1.95,216.56,422.29
1247,2025-06-25 01:34:10,1.59,218.56,347.51
1248,2025-06-25 01:34:11,1.23,226.72,278.87
1249,2025-06-25 01:34:11,9.13,212.02,1935.74
1250,2025-06-25 01:34:12,0.67,201.22,134.82
1251,2025-06-25 01:34:12,7.35,232.26,1707.11
1252,2025-06-25 01:34:13,4.28,223.34,955.9
1253,2025-06-25 01:34:13,2.85,214.01,609.93
1254,2025-06-25 01:34:14,2.05,210.25,431.01
1255,2025-06-25 01:34:14,7.45,236.11,1759.02
1256,2025-06-25 01:34:15,2.53,239.49,605.91
1257,2025-06-25 01:34:15,2.52,204.79,516.07
1258,2025-06-25 01:34:16,7.44,205.75,1530.78
1259,2025-06-25 01:34:16,6.84,201.9,1381.0
1260,2025-06-25 01:34:17,8.32,220.5,1834.56
1261,2025-06-25 01:34:17,6.39,223.78,1429.95
1262,2025-06-25 01:34:18,2.31,216.89,501.02
1263,2025-06-25 01:34:18,9.42,235.86,2221.8
1264,2025-06-25 01:34:19,9.34,205.42,1918.62
1265,2025-06-25 01:34:19,1.02,211.76,216.0
1266,2025-06-25 01:34:20,7.48,209.87,1569.83
1267,2025-06-25 01:34:20,8.3,221.5,1838.45
1268,2025-06-25 01:34:21,1.11,218.23,242.24
1269,2025-06-25 01:34:21,3.0,235.7,707.1
1270,2025-06-25 01:34:22,6.88,233.13,1603.93
1271,2025-06-25 01:34:22,5.93,236.44,1402.09
1272,2025-06-25 01:34:23,7.49,214.21,1604.43
1273,2025-06-25 01:34:23,6.95,207.13,1439.55
1274,2025-06-25 01:34:24,5.72,206.3,1180.04
1275,2025-06-25 01:34:24,2.7,202.17,545.86
1276,2025-06-25 01:34:25,7.47,224.02,1673.43
1277,2025-06-25 01:34:25,9.71,235.61,2287.77
1278,2025-06-25 01:34:26,2.73,205.94,562.22
1279,2025-06-25 01:34:26,4.66,220.42,1027.16
1280,2025-06-25 01:34:27,7.69,211.27,1624.67
1281,2025-06-25 01:34:27,9.3,232.75,2164.58
1282,2025-06-25 01:34:28,0.2,214.54,42.91
1283,2025-06-25 01:34:28,1.71,234.25,400.57
1284,2025-06-25 01:34:29,0.69,217.27,149.92
1285,2025-06-25 01:34:29,9.31,213.61,1988.71
1286,2025-06-25 01:34:30,6.72,221.69,1489.76
1287,2025-06-25 01:34:30,6.32,214.18,1353.62
1288,2025-06-25 01:34:31,3.85,208.62,803.19
1289,2025-06-25 01:34:31,2.46,208.7,513.4
1290,2025-06-25 01:34:32,4.55,200.02,910.09
1291,2025-06-25 01:34:32,6.95,206.41,1434.55
1292,2025-06-25 01:34:33,0.22,237.66,52.29
1293,2025-06-25 01:34:33,0.01,217.51,2.18
1294,2025-06-25 01:34:34,2.93,208.22,610.08
1295,2025-06-25 01:34:34,1.92,239.72,460.26
1296,2025-06-25 01:34:35,1.57,204.73,321.43
1297,2025-06-25 01:34:35,4.32,214.0,924.48
1298,2025-06-25 01:34:36,4.17,223.4,931.58
1299,2025-06-25 01:34:36,9.57,213.33,2041.57
1300,2025-06-25 01:34:37,8.85,230.89,2043.38
1301,2025-06-25 01:34:37,8.12,239.15,1941.9
1302,2025-06-25 01:34:38,0.94,225.87,212.32
1303,2025-06-25 01:34:38,7.82,209.77,1640.4
1304,2025-06-25 01:34:39,9.99,218.41,2181.92
1305,2025-06-25 01:34:39,8.39,214.67,1801.08
1306,2025-06-25 01:34:40,0.82,231.74,190.03
1307,2025-06-25 01:34:40,5.76,235.63,1357.23
1308,2025-06-25 01:34:41,4.18,211.67,884.78
1309,2025-06-25 01:34:41,9.47,200.45,1898.26
1310,2025-06-25 01:34:42,5.57,220.24,1226.74
1311,2025-06-25 01:34:42,7.1,228.34,1621.21
1312,2025-06-25 01:34:43,2.43,204.04,495.82
1313,2025-06-25 01:34:43,5.21,210.61,1097.28
1314,2025-06-25 01:34:44,1.92,225.35,432.67
1315,2025-06-25 01:34:44,2.65,221.42,586.76
1316,2025-06-25 01:34:45,0.74,234.68,173.66
1317,2025-06-25 01:34:45,6.21,208.91,1297.33
1318,2025-06-25 01:34:46,8.97,219.47,1968.65
1319,2025-06-25 01:34:46,7.89,210.99,1664.71
1320,2025-06-25 01:34:47,1.51,235.33,355.35
1321,2025-06-25 01:34:47,6.58,216.84,1426.81
1322,2025-06-25 01:34:48,9.63,210.12,2023.46
1323,2025-06-25 01:34:48,7.06,213.14,1504.77
1324,2025-06-25 01:34:49,7.24,225.24,1630.74
1325,2025-06-25 01:34:49,8.44,239.33,2019.95
1326,2025-06-25 01:34:50,9.63,231.82,2232.43
1327,2025-06-25 01:34:50,5.18,232.9,1206.42
1328,2025-06-25 01:34:51,5.24,214.94,1126.29
1329,2025-06-25 01:34:51,6.53,239.82,1566.02
1330,2025-06-25 01:34:52,2.21,203.69,450.15
1331,2025-06-25 01:34:52,8.93,233.04,2081.05
1332,2025-06-25 01:34:53,7.81,223.68,1746.94
1333,2025-06-25 01:34:53,9.35,204.84,1915.25
1334,2025-06-25 01:34:54,4.54,237.63,1078.84
1335,2025-06-25 01:34:54,7.63,204.19,1557.97
1336,2025-06-25 01:34:55,9.83,222.02,2182.46
1337,2025-06-25 01:34:55,2.15,209.49,450.4
1338,2025-06-25 01:34:56,0.85,213.16,181.19
1339,2025-06-25 01:34:56,9.07,205.73,1865.97
1340,2025-06-25 01:34:57,5.43,210.96,1145.51
1341,2025-06-25 01:34:57,2.01,219.17,440.53
1342,2025-06-25 01:34:58,5.02,209.16,1049.98
1343,2025-06-25 01:34:58,3.46,236.32,817.67
1344,2025-06-25 01:34:59,2.11,227.72,480.49
1345,2025-06-25 01:34:59,0.34,225.61,76.71
1346,2025-06-25 01:35:00,1.77,210.52,372.62
1347,2025-06-25 01:35:00,5.51,239.25,1318.27
1348,2025-06-25 01:35:01,0.33,228.74,75.48
1349,2025-06-25 01:35:01,5.81,237.21,1378.19
1350,2025-06-25 01:35:02,2.64,200.12,528.32
1351,2025-06-25 01:35:02,5.5,202.66,1114.63
1352,2025-06-25 01:35:03,9.43,210.04,1980.68
1353,2025-06-25 01:35:03,6.09,204.09,1242.91
1354,2025-06-25 01:35:04,8.68,227.5,1974.7
1355,2025-06-25 01:35:04,9.91,224.11,2220.93
1356,2025-06-25 01:35:05,1.76,234.25,412.28
1357,2025-06-25 01:35:05,4.28,225.18,963.77
1358,2025-06-25 01:35:06,8.46,217.52,1840.22
1359,2025-06-25 01:35:06,0.44,205.3,90.33
1360,2025-06-25 01:35:07,8.72,236.47,2062.02
1361,2025-06-25 01:35:07,8.24,203.12,1673.71
1362,2025-06-25 01:35:08,7.81,202.81,1583.95
1363,2025-06-25 01:35:08,1.92,213.92,410.73
1364,2025-06-25 01:35:09,3.05,216.6,660.63
1365,2025-06-25 01:35:09,1.61,225.43,362.94
1366,2025-06-25 01:35:10,8.21,220.65,1811.54
1367,2025-06-25 01:35:10,9.14,215.02,1965.28
1368,2025-06-25 01:35:11,0.44,238.29,104.85
1369,2025-06-25 01:35:11,7.34,202.17,1483.93
1370,2025-06-25 01:35:12,7.99,214.2,1711.46
1371,2025-06-25 01:35:12,6.69,236.6,1582.85
1372,2025-06-25 01:35:13,4.33,217.04,939.78
1373,2025-06-25 01:35:13,5.6,213.06,1193.14
1374,2025-06-25 01:35:14,1.65,200.98,331.62
1375,2025-06-25 01:35:14,7.16,226.66,1622.89
1376,2025-06-25 01:35:15,6.68,212.79,1421.44
1377,2025-06-25 01:35:15,0.39,227.56,88.75
1378,2025-06-25 01:35:16,0.87,234.33,203.87
1379,2025-06-25 01:35:16,7.14,200.05,1428.36
1380,2025-06-25 01:35:17,7.09,229.88,1629.85
1381,2025-06-25 01:35:17,6.06,222.95,1351.08
1382,2025-06-25 01:35:18,7.06,234.55,1655.92
1383,2025-06-25 01:35:18,3.51,211.22,741.38
1384,2025-06-25 01:35:19,3.94,224.22,883.43
1385,2025-06-25 01:35:19,10.0,236.86,2368.6
1386,2025-06-25 01:35:20,6.21,200.43,1244.67
1387,2025-06-25 01:35:20,2.16,228.94,494.51
1388,2025-06-25 01:35:21,5.67,233.83,1325.82
1389,2025-06-25 01:35:21,1.1,239.85,263.84
1390,2025-06-25 01:40:03,2.65,235.52,624.13
1391,2025-06-25 01:40:04,6.02,234.59,1412.23
1392,2025-06-25 01:40:04,6.23,237.28,1478.25
1393,2025-06-25 01:40:05,8.14,238.64,1942.53
1394,2025-06-25 01:40:06,5.39,221.51,1193.94
1395,2025-06-25 01:40:06,1.3,201.68,262.18
1396,2025-06-25 01:40:07,7.48,235.12,1758.7
1397,2025-06-25 01:40:08,5.01,219.77,1101.05
1398,2025-06-25 01:40:08,7.12,219.77,1564.76
1399,2025-06-25 01:40:09,2.99,214.88,642.49
1400,2025-06-25 01:40:09,0.06,200.06,12.0
1401,2025-06-25 01:40:10,5.98,230.76,1379.94
1402,2025-06-25 01:40:10,7.47,210.13,1569.67
1403,2025-06-25 01:40:11,1.63,237.48,387.09
1404,2025-06-25 01:40:11,5.71,203.61,1162.61
1405,2025-06-25 01:40:12,5.33,221.65,1181.39
1406,2025-06-25 01:40:12,5.46,210.99,1152.01
1407,2025-06-25 01:40:13,6.81,203.54,1386.11
1408,2025-06-25 01:40:13,9.05,225.1,2037.16
1409,2025-06-25 01:40:14,9.16,215.01,1969.49
1410,2025-06-25 01:40:14,4.13,222.89,920.54
1411,2025-06-25 01:40:15,2.05,202.61,415.35
1412,2025-06-25 01:40:15,1.92,220.6,423.55
1413,2025-06-25 01:40:16,1.92,211.76,406.58
1414,2025-06-25 01:40:16,9.27,235.22,2180.49
1415,2025-06-25 01:40:17,6.13,225.57,1382.74
1416,2025-06-25 01:40:18,0.15,215.19,32.28
1417,2025-06-25 01:40:18,3.41,235.97,804.66
1418,2025-06-25 01:40:19,7.9,203.94,1611.13
1419,2025-06-25 01:40:19,8.8,225.12,1981.06
1420,2025-06-25 01:40:20,0.16,223.68,35.79
1421,2025-06-25 01:40:20,1.63,211.52,344.78
1422,2025-06-25 01:40:21,8.6,238.03,2047.06
1423,2025-06-25 01:40:21,6.27,237.74,1490.63
1424,2025-06-25 01:40:22,8.69,206.97,1798.57
1425,2025-06-25 01:40:22,0.47,236.27,111.05
1426,2025-06-25 01:40:23,1.96,229.7,450.21
1427,2025-06-25 01:40:23,3.67,238.92,876.84
1428,2025-06-25 01:40:24,7.01,206.9,1450.37
1429,2025-06-25 01:40:24,4.9,237.58,1164.14
1430,2025-06-25 01:40:25,3.65,223.82,816.94
1431,2025-06-25 01:40:26,5.35,231.0,1235.85
1432,2025-06-25 01:40:26,3.32,215.55,715.63
1433,2025-06-25 01:40:27,0.12,213.59,25.63
1434,2025-06-25 01:40:28,8.75,230.6,2017.75
1435,2025-06-25 01:40:28,2.57,229.42,589.61
1436,2025-06-25 01:40:29,8.79,200.25,1760.2
1437,2025-06-25 01:40:29,9.99,206.88,2066.73
1438,2025-06-25 01:40:30,0.63,216.26,136.24
1439,2025-06-25 01:40:31,1.7,234.4,398.48
1440,2025-06-25 01:40:32,4.18,210.87,881.44
1441,2025-06-25 01:40:32,8.43,218.03,1837.99
1442,2025-06-25 01:40:33,5.71,204.59,1168.21
1443,2025-06-25 01:40:34,3.34,207.73,693.82
1444,2025-06-25 01:40:34,2.2,207.7,456.94
1445,2025-06-25 01:40:35,4.68,222.82,1042.8
1446,2025-06-25 01:40:35,3.14,214.25,672.75
1447,2025-06-25 01:40:36,0.43,228.64,98.32
1448,2025-06-25 01:40:36,6.33,231.81,1467.36
1449,2025-06-25 01:40:37,7.49,228.3,1709.97
1450,2025-06-25 01:40:38,8.72,235.98,2057.75
1451,2025-06-25 01:40:39,4.7,226.98,1066.81
1452,2025-06-25 01:40:40,9.01,201.78,1818.04
1453,2025-06-25 01:40:41,2.43,216.14,525.22
1454,2025-06-25 01:40:41,6.62,218.05,1443.49
1455,2025-06-25 01:40:42,4.04,233.09,941.68
1456,2025-06-25 01:40:42,7.01,232.34,1628.7
1457,2025-06-25 01:40:43,0.76,201.79,153.36
1458,2025-06-25 01:40:43,0.75,201.15,150.86
1459,2025-06-25 01:40:44,1.41,226.52,319.39
1460,2025-06-25 01:40:44,4.03,205.72,829.05
1461,2025-06-25 01:40:45,8.79,227.5,1999.72
1462,2025-06-25 01:40:45,9.03,220.21,1988.5
1463,2025-06-25 01:40:46,9.3,200.41,1863.81
1464,2025-06-25 01:40:46,1.93,205.58,396.77
1465,2025-06-25 01:40:47,0.54,204.08,110.2
1466,2025-06-25 01:40:47,8.12,201.02,1632.28
1467,2025-06-25 01:40:48,1.56,217.95,340.0
1468,2025-06-25 01:40:49,6.56,206.68,1355.82
1469,2025-06-25 01:40:49,6.36,214.32,1363.08
1470,2025-06-25 01:40:50,8.11,216.65,1757.03
1471,2025-06-25 01:40:50,5.39,229.07,1234.69
1472,2025-06-25 01:40:51,7.13,218.04,1554.63
1473,2025-06-25 01:40:51,1.4,212.21,297.09
1474,2025-06-25 01:40:52,9.48,209.92,1990.04
1475,2025-06-25 01:40:53,7.91,209.88,1660.15
1476,2025-06-25 01:40:53,8.18,227.13,1857.92
1477,2025-06-25 01:40:54,8.52,222.64,1896.89
1478,2025-06-25 01:40:54,1.75,236.48,413.84
1479,2025-06-25 01:40:55,2.08,225.0,468.0
1480,2025-06-25 01:40:56,3.77,235.06,886.18
1481,2025-06-25 01:40:56,8.05,220.02,1771.16
1482,2025-06-25 01:40:57,4.62,230.87,1066.62
1483,2025-06-25 01:40:57,5.27,205.08,1080.77
1484,2025-06-25 01:40:58,3.7,233.55,864.14
1485,2025-06-25 01:40:58,0.17,207.32,35.24
1486,2025-06-25 01:40:59,4.23,210.12,888.81
1487,2025-06-25 01:40:59,9.45,213.32,2015.87
1488,2025-06-25 01:41:00,0.51,204.34,104.21
1489,2025-06-25 01:41:00,2.29,227.13,520.13
1490,2025-06-25 01:41:01,9.5,213.02,2023.69
1491,2025-06-25 01:41:01,0.59,220.27,129.96
1492,2025-06-25 01:41:02,7.25,219.46,1591.09
1493,2025-06-25 01:41:02,0.36,226.98,81.71
1494,2025-06-25 01:41:03,8.93,218.71,1953.08
1495,2025-06-25 01:41:03,6.05,203.78,1232.87
1496,2025-06-25 01:41:04,3.7,221.74,820.44
1497,2025-06-25 01:41:05,1.66,204.92,340.17
1498,2025-06-25 01:41:05,5.08,229.97,1168.25
1499,2025-06-25 01:41:06,9.41,221.43,2083.66
1500,2025-06-25 01:41:06,5.83,220.16,1283.53
1501,2025-06-25 01:41:07,4.48,234.75,1051.68
1502,2025-06-25 01:41:07,0.36,218.68,78.72
1503,2025-06-25 01:41:08,5.27,237.61,1252.2
1504,2025-06-25 01:41:08,2.51,223.8,561.74
1505,2025-06-25 01:41:09,4.58,209.98,961.71
1506,2025-06-25 01:41:10,9.91,220.55,2185.65
1507,2025-06-25 01:41:10,7.44,216.76,1612.69
1508,2025-06-25 01:41:11,4.5,238.85,1074.83
1509,2025-06-25 01:41:12,0.77,223.89,172.4
1510,2025-06-25 01:41:13,6.47,236.28,1528.73
1511,2025-06-25 01:41:13,5.38,227.92,1226.21
1512,2025-06-25 01:41:14,3.74,210.99,789.1
1513,2025-06-25 01:41:14,4.59,202.17,927.96
1514,2025-06-25 01:41:15,8.69,218.94,1902.59
1515,2025-06-25 01:41:15,5.99,233.69,1399.8
1516,2025-06-25 01:41:16,3.04,223.87,680.56
1517,2025-06-25 01:41:17,7.32,215.42,1576.87
1518,2025-06-25 01:41:17,7.68,204.14,1567.8
1519,2025-06-25 01:41:18,9.74,222.74,2169.49
1520,2025-06-25 01:41:18,8.25,222.47,1835.38
1521,2025-06-25 01:41:19,6.19,200.51,1241.16
1522,2025-06-25 01:41:19,1.55,206.78,320.51
1523,2025-06-25 01:41:20,8.11,204.12,1655.41
1524,2025-06-25 01:41:20,7.28,207.25,1508.78
1525,2025-06-25 01:41:21,5.14,208.26,1070.46
1526,2025-06-25 01:41:21,2.39,233.6,558.3
1527,2025-06-25 01:41:22,0.66,238.79,157.6
1528,2025-06-25 01:41:22,6.67,208.38,1389.89
1529,2025-06-25 01:41:23,2.16,202.66,437.75
1530,2025-06-25 01:41:23,8.19,209.92,1719.24
1531,2025-06-25 01:41:24,4.09,232.55,951.13
1532,2025-06-25 01:41:24,0.12,224.18,26.9
1533,2025-06-25 01:41:25,7.57,236.51,1790.38
1534,2025-06-25 01:41:25,1.26,210.52,265.26
1535,2025-06-25 01:41:26,1.22,215.37,262.75
1536,2025-06-25 01:41:27,8.69,206.26,1792.4
1537,2025-06-25 01:41:27,5.06,236.02,1194.26
1538,2025-06-25 01:41:28,4.08,234.88,958.31
1539,2025-06-25 01:41:29,6.82,224.51,1531.16
1540,2025-06-25 01:41:29,7.96,231.64,1843.85
1541,2025-06-25 01:41:30,8.89,209.08,1858.72
1542,2025-06-25 01:41:30,0.97,228.9,222.03
1543,2025-06-25 01:41:31,3.39,235.79,799.33
1544,2025-06-25 01:41:31,9.75,210.41,2051.5
1545,2025-06-25 01:41:32,7.35,203.04,1492.34
1546,2025-06-25 01:41:33,0.18,232.57,41.86
1547,2025-06-25 01:41:33,9.72,236.67,2300.43
1548,2025-06-25 01:41:34,1.72,231.8,398.7
1549,2025-06-25 01:41:34,7.58,229.03,1736.05
1550,2025-06-25 01:41:35,1.72,222.73,383.1
1551,2025-06-25 01:41:35,2.25,215.42,484.69
1552,2025-06-25 01:41:36,2.46,207.99,511.66
1553,2025-06-25 01:41:36,1.51,230.25,347.68
1554,2025-06-25 01:41:37,8.31,221.58,1841.33
1555,2025-06-25 01:41:37,0.16,237.03,37.92
1556,2025-06-25 01:41:38,5.2,217.52,1131.1
1557,2025-06-25 01:41:39,9.82,239.43,2351.2
1558,2025-06-25 01:41:39,8.76,225.48,1975.2
1559,2025-06-25 01:41:40,2.26,220.46,498.24
1560,2025-06-25 01:41:40,7.8,224.42,1750.48
1561,2025-06-25 01:41:41,6.61,236.97,1566.37
1562,2025-06-25 01:41:41,8.02,236.73,1898.57
1563,2025-06-25 01:41:42,4.04,208.5,842.34
1564,2025-06-25 01:41:43,4.01,216.35,867.56
1565,2025-06-25 01:41:43,9.65,230.73,2226.54
1566,2025-06-25 01:41:44,0.12,205.46,24.66
1567,2025-06-25 01:41:44,2.17,212.79,461.75
1568,2025-06-25 01:41:45,5.86,233.85,1370.36
1569,2025-06-25 01:41:45,1.92,206.84,397.13
1570,2025-06-25 01:41:46,4.03,227.79,917.99
1571,2025-06-25 01:41:46,2.39,206.71,494.04
1572,2025-06-25 01:41:47,6.33,229.47,1452.55
1573,2025-06-25 01:41:47,4.9,212.27,1040.12
1574,2025-06-25 01:41:48,5.16,202.45,1044.64
1575,2025-06-25 01:41:48,8.24,233.18,1921.4
1576,2025-06-25 01:41:49,6.84,220.17,1505.96
1577,2025-06-25 01:41:49,5.37,209.27,1123.78
1578,2025-06-25 01:41:50,2.68,216.26,579.58
1579,2025-06-25 01:41:50,7.78,239.42,1862.69
1580,2025-06-25 01:41:51,5.58,219.66,1225.7
1581,2025-06-25 01:41:51,7.4,226.68,1677.43
1582,2025-06-25 01:41:52,5.87,217.02,1273.91
1583,2025-06-25 01:41:52,2.76,228.03,629.36
1584,2025-06-25 01:41:53,3.47,203.84,707.32
1585,2025-06-25 01:41:53,1.48,231.9,343.21
1586,2025-06-25 01:41:54,8.15,223.36,1820.38
1587,2025-06-25 01:41:54,1.15,234.12,269.24
1588,2025-06-25 01:41:55,3.28,217.55,713.56
1589,2025-06-25 01:41:56,2.17,206.96,449.1
1590,2025-06-25 01:41:56,4.14,221.98,919.0
1591,2025-06-25 01:41:57,2.78,237.15,659.28
1592,2025-06-25 01:41:57,1.4,204.79,286.71
1593,2025-06-25 01:41:58,6.55,232.21,1520.98
1594,2025-06-25 01:41:58,7.03,201.34,1415.42
1595,2025-06-25 01:41:59,4.13,237.81,982.16
1596,2025-06-25 01:42:00,5.05,234.75,1185.49
1597,2025-06-25 01:42:00,2.65,227.03,601.63
1598,2025-06-25 01:42:01,2.32,202.77,470.43
1599,2025-06-25 01:42:01,4.65,212.19,986.68
1600,2025-06-25 01:42:02,6.29,207.82,1307.19
1601,2025-06-25 01:42:02,8.24,235.16,1937.72
1602,2025-06-25 01:42:03,8.36,215.75,1803.67
1603,2025-06-25 01:42:04,2.89,211.37,610.86
1604,2025-06-25 01:42:04,7.73,221.48,1712.04
1605,2025-06-25 01:42:05,5.65,212.23,1199.1
1606,2025-06-25 01:42:06,0.92,205.86,189.39
1607,2025-06-25 01:42:06,8.83,225.85,1994.26
1608,2025-06-25 01:42:07,7.39,213.17,1575.33
1609,2025-06-25 01:42:08,5.21,234.42,1221.33
1610,2025-06-25 01:42:08,3.38,209.99,709.77
1611,2025-06-25 01:42:09,6.97,218.36,1521.97
1612,2025-06-25 01:42:09,2.05,213.09,436.83
1613,2025-06-25 01:42:10,9.02,216.34,1951.39
1614,2025-06-25 01:42:10,6.91,219.41,1516.12
1615,2025-06-25 01:42:11,4.22,215.69,910.21
1616,2025-06-25 01:42:11,0.88,209.8,184.62
1617,2025-06-25 01:42:12,0.37,229.28,84.83
1618,2025-06-25 01:42:12,9.12,224.23,2044.98
1619,2025-06-25 01:42:13,2.18,207.83,453.07
1620,2025-06-25 01:42:14,9.66,230.2,2223.73
1621,2025-06-25 01:42:14,2.32,225.29,522.67
1622,2025-06-25 01:42:15,5.01,206.06,1032.36
1623,2025-06-25 01:42:16,6.37,202.88,1292.35
1624,2025-06-25 01:42:16,7.49,215.46,1613.8
1625,2025-06-25 01:42:17,5.57,238.96,1331.01
1626,2025-06-25 01:42:18,3.19,216.82,691.66
1627,2025-06-25 01:42:19,9.75,207.68,2024.88
1628,2025-06-25 01:42:19,7.81,215.28,1681.34
1629,2025-06-25 01:42:20,6.28,216.27,1358.18
1630,2025-06-25 01:42:20,1.35,217.99,294.29
1631,2025-06-25 01:42:21,9.27,204.81,1898.59
1632,2025-06-25 01:42:21,9.69,209.14,2026.57
1633,2025-06-25 01:42:22,3.07,200.2,614.61
1634,2025-06-25 01:42:22,9.1,201.25,1831.38
1635,2025-06-25 01:42:23,2.49,216.29,538.56
1636,2025-06-25 01:42:24,0.5,236.33,118.17
1637,2025-06-25 01:42:24,8.3,201.18,1669.79
1638,2025-06-25 01:42:25,8.98,219.29,1969.22
1639,2025-06-25 01:42:25,5.19,203.23,1054.76
1640,2025-06-25 01:42:26,5.91,212.37,1255.11
1641,2025-06-25 01:42:26,4.11,236.01,970.0
1642,2025-06-25 01:42:27,6.59,212.51,1400.44
1643,2025-06-25 01:42:27,9.24,237.38,2193.39
1644,2025-06-25 01:42:28,9.32,219.64,2047.04
1645,2025-06-25 01:42:29,4.89,202.07,988.12
1646,2025-06-25 01:42:29,8.39,228.35,1915.86
1647,2025-06-25 01:42:30,2.06,206.73,425.86
1648,2025-06-25 01:42:30,2.67,230.12,614.42
1649,2025-06-25 01:42:31,5.35,214.84,1149.39
1650,2025-06-25 01:42:32,8.72,214.37,1869.31
1651,2025-06-25 01:42:32,5.04,220.71,1112.38
1652,2025-06-25 01:42:33,5.82,225.85,1314.45
1653,2025-06-25 01:42:34,6.8,209.1,1421.88
1654,2025-06-25 01:42:35,3.97,230.27,914.17
1655,2025-06-25 01:42:35,9.6,207.39,1990.94
1656,2025-06-25 01:42:36,5.54,237.21,1314.14
1657,2025-06-25 01:42:36,0.27,228.04,61.57
1658,2025-06-25 01:42:37,6.4,222.63,1424.83
1659,2025-06-25 01:42:38,9.31,230.46,2145.58
1660,2025-06-25 01:42:38,1.44,204.45,294.41
1661,2025-06-25 01:42:39,9.52,209.97,1998.91
1662,2025-06-25 01:42:39,8.37,219.67,1838.64
1663,2025-06-25 01:42:40,1.43,215.26,307.82
1664,2025-06-25 01:42:40,6.24,208.49,1300.98
1665,2025-06-25 01:42:41,9.75,225.06,2194.34
1666,2025-06-25 01:42:42,6.8,215.26,1463.77
1667,2025-06-25 01:42:42,7.32,210.49,1540.79
1668,2025-06-25 01:42:43,8.52,218.49,1861.53
1669,2025-06-25 01:59:12,6.79,233.77,1587.3
1670,2025-06-25 01:59:12,0.34,210.87,71.7
1671,2025-06-25 01:59:13,3.64,207.06,753.7
1672,2025-06-25 01:59:13,3.19,224.35,715.68
1673,2025-06-25 01:59:14,2.73,237.79,649.17
1674,2025-06-25 01:59:14,7.87,208.57,1641.45
1675,2025-06-25 01:59:15,8.39,202.29,1697.21
1676,2025-06-25 01:59:15,4.61,220.56,1016.78
1677,2025-06-25 01:59:16,9.56,219.82,2101.48
1678,2025-06-25 01:59:16,8.37,200.63,1679.27
1679,2025-06-25 01:59:17,3.71,231.58,859.16
1680,2025-06-25 01:59:18,7.44,219.25,1631.22
1681,2025-06-25 01:59:18,1.91,214.25,409.22
1682,2025-06-25 01:59:19,6.31,229.19,1446.19
1683,2025-06-25 01:59:20,0.52,233.16,121.24
1684,2025-06-25 01:59:21,8.86,211.47,1873.62
1685,2025-06-25 01:59:22,7.51,229.82,1725.95
1686,2025-06-25 01:59:22,7.05,200.49,1413.45
1687,2025-06-25 01:59:23,4.56,235.17,1072.38
1688,2025-06-25 01:59:23,4.23,228.12,964.95
1689,2025-06-25 01:59:24,8.91,221.76,1975.88
1690,2025-06-25 01:59:24,0.04,232.46,9.3
1691,2025-06-25 01:59:25,8.13,224.75,1827.22
1692,2025-06-25 01:59:26,3.72,201.21,748.5
1693,2025-06-25 01:59:26,2.91,208.9,607.9
1694,2025-06-25 01:59:27,1.57,206.02,323.45
1695,2025-06-25 01:59:27,2.8,203.7,570.36
1696,2025-06-25 01:59:28,9.22,208.99,1926.89
1697,2025-06-25 01:59:29,2.86,202.16,578.18
1698,2025-06-25 01:59:30,4.73,239.27,1131.75
1699,2025-06-25 01:59:30,8.83,229.49,2026.4
1700,2025-06-25 01:59:31,6.98,227.68,1589.21
1701,2025-06-25 01:59:31,5.79,230.51,1334.65
1702,2025-06-25 01:59:32,9.94,227.54,2261.75
1703,2025-06-25 01:59:32,7.74,215.07,1664.64
1704,2025-06-25 01:59:33,5.85,230.28,1347.14
1705,2025-06-25 01:59:33,7.99,224.38,1792.8
1706,2025-06-25 01:59:34,2.07,229.83,475.75
1707,2025-06-25 01:59:34,4.07,229.02,932.11
1708,2025-06-25 01:59:35,4.54,223.67,1015.46
1709,2025-06-25 01:59:36,4.54,211.18,958.76
1710,2025-06-25 01:59:36,0.28,235.9,66.05
1711,2025-06-25 01:59:37,7.04,235.45,1657.57
1712,2025-06-25 01:59:38,5.51,218.0,1201.18
1713,2025-06-25 01:59:38,0.22,213.42,46.95
1714,2025-06-25 01:59:39,6.55,239.22,1566.89
1715,2025-06-25 01:59:39,5.03,213.36,1073.2
1716,2025-06-25 01:59:40,0.26,223.5,58.11
1717,2025-06-25 01:59:40,5.36,207.2,1110.59
1718,2025-06-25 01:59:41,7.99,200.62,1602.95
1719,2025-06-25 01:59:41,3.91,234.23,915.84
1720,2025-06-25 01:59:42,8.88,221.72,1968.87
1721,2025-06-25 01:59:43,2.89,208.4,602.28
1722,2025-06-25 01:59:44,3.82,210.9,805.64
1723,2025-06-25 01:59:44,9.15,223.78,2047.59
1724,2025-06-25 01:59:45,4.4,215.79,949.48
1725,2025-06-25 01:59:45,4.37,234.82,1026.16
1726,2025-06-25 01:59:46,9.81,209.1,2051.27
1727,2025-06-25 01:59:47,9.42,217.82,2051.86
1728,2025-06-25 01:59:48,6.79,212.44,1442.47
1729,2025-06-25 01:59:48,9.79,233.85,2289.39
1730,2025-06-25 01:59:49,3.4,238.84,812.06
1731,2025-06-25 01:59:49,1.01,218.7,220.89
1732,2025-06-25 01:59:50,3.95,223.88,884.33
1733,2025-06-25 01:59:51,9.69,214.54,2078.89
1734,2025-06-25 01:59:52,5.31,223.27,1185.56
1735,2025-06-25 01:59:52,2.91,200.11,582.32
1736,2025-06-25 01:59:53,3.84,222.52,854.48
1737,2025-06-25 01:59:53,5.56,231.86,1289.14
1738,2025-06-25 01:59:54,5.73,223.1,1278.36
1739,2025-06-25 01:59:54,0.25,206.01,51.5
1740,2025-06-25 01:59:55,8.54,228.64,1952.59
1741,2025-06-25 01:59:55,9.2,208.77,1920.68
1742,2025-06-25 01:59:56,8.05,202.72,1631.9
1743,2025-06-25 01:59:56,4.98,237.69,1183.7
1744,2025-06-25 01:59:57,8.1,208.76,1690.96
1745,2025-06-25 01:59:57,5.79,204.51,1184.11
1746,2025-06-25 01:59:58,8.9,213.8,1902.82
1747,2025-06-25 01:59:59,8.48,204.56,1734.67
1748,2025-06-25 01:59:59,9.74,219.17,2134.72
1749,2025-06-25 02:00:00,6.15,200.1,1230.62
1750,2025-06-25 02:00:00,6.24,225.39,1406.43
1751,2025-06-25 02:00:01,2.74,216.31,592.69
1752,2025-06-25 02:00:01,1.17,236.69,276.93
1753,2025-06-25 02:00:02,2.68,222.36,595.92
1754,2025-06-25 02:00:02,2.2,219.46,482.81
1755,2025-06-25 02:00:03,9.11,204.15,1859.81
1756,2025-06-25 02:00:03,9.09,218.29,1984.26
1757,2025-06-25 02:00:04,4.38,200.29,877.27
1758,2025-06-25 02:00:04,6.07,230.57,1399.56
1759,2025-06-25 02:00:05,4.04,209.4,845.98
1760,2025-06-25 02:00:05,7.42,211.57,1569.85
1761,2025-06-25 02:00:06,9.67,209.96,2030.31
1762,2025-06-25 02:00:06,0.7,205.35,143.74
1763,2025-06-25 02:00:07,7.47,238.42,1781.0
1764,2025-06-25 02:00:08,3.1,234.25,726.18
1765,2025-06-25 02:00:08,3.64,202.01,735.32
1766,2025-06-25 02:00:09,5.68,216.59,1230.23
1767,2025-06-25 02:00:09,9.81,236.2,2317.12
1768,2025-06-25 02:00:10,7.1,228.99,1625.83
1769,2025-06-25 02:00:10,1.71,232.68,397.88
1770,2025-06-25 02:00:11,5.36,216.16,1158.62
1771,2025-06-25 02:00:11,2.1,229.62,482.2
1772,2025-06-25 02:00:12,0.58,233.85,135.63
1773,2025-06-25 02:00:13,1.51,223.55,337.56
1774,2025-06-25 02:00:13,9.7,219.63,2130.41
1775,2025-06-25 02:00:14,3.22,227.35,732.07
1776,2025-06-25 02:00:14,1.47,224.71,330.32
1777,2025-06-25 02:00:15,0.23,217.41,50.0
1778,2025-06-25 02:00:15,0.32,236.29,75.61
1779,2025-06-25 02:00:16,1.84,203.82,375.03
1780,2025-06-25 02:00:16,7.98,223.77,1785.68
1781,2025-06-25 02:00:17,5.17,221.95,1147.48
1782,2025-06-25 02:00:17,5.4,221.49,1196.05
1783,2025-06-25 02:00:18,7.98,228.68,1824.87
1784,2025-06-25 02:00:19,4.25,208.31,885.32
1785,2025-06-25 02:00:19,3.33,237.81,791.91
1786,2025-06-25 02:00:20,9.82,208.45,2046.98
1787,2025-06-25 02:00:20,4.74,219.37,1039.81
1788,2025-06-25 02:00:21,8.19,218.9,1792.79
1789,2025-06-25 02:00:21,1.1,238.07,261.88
1790,2025-06-25 02:00:22,1.99,237.02,471.67
1791,2025-06-25 02:00:22,3.26,227.14,740.48
1792,2025-06-25 02:00:23,9.57,222.13,2125.78
1793,2025-06-25 02:00:24,9.56,206.2,1971.27
1794,2025-06-25 02:00:24,3.37,237.18,799.3
1795,2025-06-25 02:00:25,5.34,211.02,1126.85
1796,2025-06-25 02:00:25,5.02,218.65,1097.62
1797,2025-06-25 02:00:26,6.09,222.62,1355.76
1798,2025-06-25 02:00:26,5.69,209.97,1194.73
1799,2025-06-25 02:00:27,8.97,232.26,2083.37
1800,2025-06-25 02:00:27,8.95,219.57,1965.15
1801,2025-06-25 02:00:28,8.36,203.03,1697.33
1802,2025-06-25 02:00:28,8.28,224.79,1861.26
1803,2025-06-25 02:00:29,9.75,206.35,2011.91
1804,2025-06-25 02:00:29,4.45,215.69,959.82
1805,2025-06-25 02:00:30,6.91,203.82,1408.4
1806,2025-06-25 02:00:39,5.7,207.78,1184.35
1807,2025-06-25 02:00:39,4.02,200.97,807.9
1808,2025-06-25 02:00:40,1.58,211.84,334.71
1809,2025-06-25 02:00:40,5.78,230.64,1333.1
1810,2025-06-25 02:00:41,8.37,213.65,1788.25
1811,2025-06-25 02:00:41,6.02,220.53,1327.59
1812,2025-06-25 02:00:42,1.82,218.07,396.89
1813,2025-06-25 02:00:42,2.16,228.31,493.15
1814,2025-06-25 02:00:43,0.25,231.13,57.78
1815,2025-06-25 02:00:44,2.16,221.97,479.46
1816,2025-06-25 02:00:44,7.49,200.41,1501.07
1817,2025-06-25 02:00:45,9.7,205.06,1989.08
1818,2025-06-25 02:00:46,3.18,202.64,644.4
1819,2025-06-25 02:00:46,2.21,200.08,442.18
1820,2025-06-25 02:00:47,4.35,231.7,1007.89
1821,2025-06-25 02:00:47,5.8,226.79,1315.38
1822,2025-06-25 02:00:48,4.24,212.85,902.48
1823,2025-06-25 02:00:49,8.93,214.52,1915.66
1824,2025-06-25 02:00:49,1.34,208.84,279.85
1825,2025-06-25 02:00:50,8.42,213.91,1801.12
1826,2025-06-25 02:00:50,7.98,230.81,1841.86
1827,2025-06-25 02:00:51,3.22,220.22,709.11
1828,2025-06-25 02:00:51,0.75,239.24,179.43
1829,2025-06-25 02:00:52,7.51,225.78,1695.61
1830,2025-06-25 02:00:52,7.29,237.75,1733.2
1831,2025-06-25 02:00:53,6.93,210.58,1459.32
1832,2025-06-25 02:00:53,8.29,222.71,1846.27
1833,2025-06-25 02:00:54,5.7,238.9,1361.73
1834,2025-06-25 02:00:54,7.57,238.81,1807.79
1835,2025-06-25 02:00:55,7.6,221.66,1684.62
1836,2025-06-25 02:00:56,0.65,228.23,148.35
1837,2025-06-25 02:00:56,6.96,215.1,1497.1
1838,2025-06-25 02:00:57,7.22,232.09,1675.69
1839,2025-06-25 02:00:57,6.62,206.59,1367.63
1840,2025-06-25 02:00:58,3.48,233.38,812.16
1841,2025-06-25 02:00:59,2.92,236.12,689.47
1842,2025-06-25 02:00:59,4.57,222.85,1018.42
1843,2025-06-25 02:01:00,6.44,239.5,1542.38
1844,2025-06-25 02:01:00,0.97,208.16,201.92
1845,2025-06-25 02:01:01,0.75,224.72,168.54
1846,2025-06-25 02:01:01,9.78,213.51,2088.13
1847,2025-06-25 02:01:02,5.95,214.38,1275.56
1848,2025-06-25 02:01:02,7.3,200.92,1466.72
1849,2025-06-25 02:01:03,1.77,210.15,371.97
1850,2025-06-25 02:01:04,7.99,236.01,1885.72
1851,2025-06-25 02:01:04,0.6,216.83,130.1
1852,2025-06-25 02:01:05,7.49,213.47,1598.89
1853,2025-06-25 02:01:05,6.37,225.94,1439.24
1854,2025-06-25 02:01:06,5.92,224.37,1328.27
1855,2025-06-25 02:01:06,8.39,202.89,1702.25
1856,2025-06-25 02:01:07,4.82,211.66,1020.2
1857,2025-06-25 02:01:07,7.34,239.96,1761.31
1858,2025-06-25 02:01:08,0.25,228.14,57.03
1859,2025-06-25 02:01:08,3.46,213.51,738.74
1860,2025-06-25 02:01:09,8.19,225.57,1847.42
1861,2025-06-25 02:01:10,3.07,224.87,690.35
1862,2025-06-25 02:01:10,9.8,231.69,2270.56
1863,2025-06-25 02:01:11,1.93,204.0,393.72
1864,2025-06-25 02:01:12,7.35,202.02,1484.85
1865,2025-06-25 02:01:12,4.53,233.92,1059.66
1866,2025-06-25 02:01:13,8.19,204.37,1673.79
1867,2025-06-25 02:01:13,3.88,201.0,779.88
1868,2025-06-25 02:01:14,9.52,218.12,2076.5
1869,2025-06-25 02:01:14,9.81,237.22,2327.13
1870,2025-06-25 02:01:15,8.48,214.85,1821.93
1871,2025-06-25 02:01:15,1.86,227.32,422.82
1872,2025-06-25 02:01:16,1.53,207.97,318.19
1873,2025-06-25 02:01:17,9.01,229.89,2071.31
1874,2025-06-25 02:01:17,7.52,207.06,1557.09
1875,2025-06-25 02:01:18,3.19,218.9,698.29
1876,2025-06-25 02:01:18,3.02,227.1,685.84
1877,2025-06-25 02:01:19,0.49,206.82,101.34
1878,2025-06-25 02:01:19,2.97,239.56,711.49
1879,2025-06-25 02:01:20,7.66,235.13,1801.1
1880,2025-06-25 02:01:20,4.96,202.93,1006.53
1881,2025-06-25 02:01:21,7.35,234.51,1723.65
1882,2025-06-25 02:01:21,2.51,216.34,543.01
1883,2025-06-25 02:01:22,1.03,203.23,209.33
1884,2025-06-25 02:01:22,6.62,224.23,1484.4
1885,2025-06-25 02:01:23,8.14,232.29,1890.84
1886,2025-06-25 02:01:24,1.91,234.7,448.28
1887,2025-06-25 02:01:24,8.5,219.72,1867.62
1888,2025-06-25 02:01:25,7.11,225.79,1605.37
1889,2025-06-25 02:01:26,6.95,233.47,1622.62
1890,2025-06-27 13:06:14,6.65,212.14,1410.73
1891,2025-06-27 13:06:15,0.24,217.3,52.15
1892,2025-06-27 13:06:15,8.7,218.71,1902.78
1893,2025-06-27 13:06:16,8.47,230.84,1955.21
1894,2025-06-27 13:06:17,3.74,213.9,799.99
1895,2025-06-27 13:06:17,6.42,238.28,1529.76
1896,2025-06-27 13:06:18,6.33,201.34,1274.48
1897,2025-06-27 13:06:18,9.54,220.99,2108.24
1898,2025-06-27 13:06:19,9.51,229.36,2181.21
1899,2025-06-27 13:06:19,1.82,235.2,428.06
1900,2025-06-27 13:06:20,2.18,220.85,481.45
1901,2025-06-27 13:06:21,6.68,200.3,1338.0
1902,2025-06-27 13:06:21,8.18,234.64,1919.36
1903,2025-06-27 13:06:22,7.13,232.33,1656.51
1904,2025-06-27 13:06:22,0.72,230.63,166.05
1905,2025-06-27 13:06:23,1.22,203.65,248.45
1906,2025-06-27 13:06:24,6.94,206.25,1431.38
1907,2025-06-27 13:06:25,5.38,209.79,1128.67
1908,2025-06-27 13:06:25,4.33,219.65,951.08
1909,2025-06-27 13:06:26,9.1,235.06,2139.05
1910,2025-06-27 13:06:26,4.27,207.08,884.23
1911,2025-06-27 13:06:27,0.06,202.05,12.12
1912,2025-06-27 13:06:28,0.11,203.62,22.4
1913,2025-06-27 13:06:28,3.04,232.0,705.28
1914,2025-06-27 13:06:29,6.75,217.25,1466.44
1915,2025-06-27 13:06:29,1.95,230.13,448.75
1916,2025-06-27 13:06:30,1.24,218.1,270.44
1917,2025-06-27 13:06:30,7.03,234.22,1646.57
1918,2025-06-27 13:06:31,9.28,224.9,2087.07
1919,2025-06-27 13:06:31,8.55,200.91,1717.78
1920,2025-06-27 13:06:32,9.28,225.89,2096.26
1921,2025-06-27 13:06:33,7.81,232.03,1812.15
1922,2025-06-27 13:06:33,3.11,213.83,665.01
1923,2025-06-27 13:06:34,5.02,211.34,1060.93
1924,2025-06-27 13:06:34,8.17,216.04,1765.05
1925,2025-06-27 13:06:35,3.15,237.78,749.01
1926,2025-06-27 13:06:36,1.5,211.05,316.58
1927,2025-06-27 13:06:36,8.55,218.66,1869.54
1928,2025-06-27 13:06:37,8.55,213.09,1821.92
1929,2025-06-27 13:06:38,1.59,216.49,344.22
1930,2025-06-27 13:06:38,0.38,206.95,78.64
1931,2025-06-27 13:06:39,8.54,202.05,1725.51
1932,2025-06-27 13:06:39,8.05,208.56,1678.91
1933,2025-06-27 13:06:40,6.82,223.26,1522.63
1934,2025-06-27 13:06:41,2.07,228.7,473.41
1935,2025-06-27 13:06:41,6.49,203.55,1321.04
1936,2025-06-27 13:06:42,9.87,223.11,2202.1
1937,2025-06-27 13:06:42,1.59,202.11,321.35
1938,2025-06-27 13:06:43,8.47,222.04,1880.68
1939,2025-06-27 13:06:44,2.49,213.72,532.16
1940,2025-06-27 13:06:44,3.08,200.97,618.99
1941,2025-06-27 13:06:45,4.26,232.82,991.81
1942,2025-06-27 13:06:45,2.31,214.26,494.94
1943,2025-06-27 13:06:46,5.95,230.88,1373.74
1944,2025-06-27 13:06:47,1.66,200.88,333.46
1945,2025-06-27 13:06:47,4.37,232.12,1014.36
1946,2025-06-27 13:06:48,6.03,213.36,1286.56
1947,2025-06-27 13:06:49,1.34,200.4,268.54
1948,2025-06-27 13:06:49,5.56,200.34,1113.89
1949,2025-06-27 13:06:50,4.39,235.42,1033.49
1950,2025-06-27 13:06:51,1.98,209.27,414.35
1951,2025-06-27 13:06:51,9.42,204.37,1925.17
1952,2025-06-27 13:06:52,2.96,219.6,650.02
1953,2025-06-27 13:06:53,4.4,231.21,1017.32
1954,2025-06-27 13:06:54,1.25,221.59,276.99
1955,2025-06-27 13:06:54,2.5,206.66,516.65
1956,2025-06-27 13:06:55,6.33,220.3,1394.5
1957,2025-06-27 13:06:55,7.64,212.72,1625.18
1958,2025-06-27 13:06:56,7.36,206.95,1523.15
1959,2025-06-27 13:06:57,5.76,239.84,1381.48
1960,2025-06-27 13:06:57,3.14,233.92,734.51
1961,2025-06-27 13:06:58,5.17,228.71,1182.43
1962,2025-06-27 13:06:59,0.27,236.98,63.98
1963,2025-06-27 13:07:00,8.46,215.27,1821.18
1964,2025-06-27 13:07:00,2.55,236.43,602.9
1965,2025-06-27 13:07:01,0.1,213.76,21.38
1966,2025-06-27 13:07:02,5.38,225.3,1212.11
1967,2025-06-27 13:07:02,3.13,211.18,660.99
1968,2025-06-27 13:07:03,0.05,220.13,11.01
1969,2025-06-27 13:07:03,1.98,205.95,407.78
1970,2025-06-27 13:07:04,0.92,202.76,186.54
1971,2025-06-27 13:07:05,0.5,231.31,115.66
1972,2025-06-27 13:07:05,7.81,226.2,1766.62
1973,2025-06-27 13:07:06,2.47,234.38,578.92
1974,2025-06-27 13:07:06,2.88,238.84,687.86
1975,2025-06-27 13:07:07,8.11,210.65,1708.37
1976,2025-06-27 13:07:07,0.49,207.84,101.84
1977,2025-06-27 13:07:08,5.18,204.31,1058.33
1978,2025-06-27 13:07:08,7.46,214.55,1600.54
1979,2025-06-27 13:07:09,0.83,208.25,172.85
1980,2025-06-27 13:07:09,5.89,234.82,1383.09
1981,2025-06-27 13:07:10,8.1,237.26,1921.81
1982,2025-06-27 13:07:10,4.14,210.34,870.81
1983,2025-06-27 13:07:11,0.64,210.87,134.96
1984,2025-06-27 13:07:12,7.83,226.45,1773.1
1985,2025-06-27 13:07:12,6.96,200.45,1395.13
1986,2025-06-27 13:07:13,2.28,231.98,528.91
1987,2025-06-27 13:07:14,3.69,230.97,852.28
1988,2025-06-27 13:07:15,7.21,233.45,1683.17
1989,2025-06-27 13:07:15,6.56,239.25,1569.48
1990,2025-06-27 13:07:16,4.89,203.63,995.75
1991,2025-06-27 13:07:16,0.89,203.16,180.81
1992,2025-06-27 13:07:17,2.69,207.93,559.33
1993,2025-06-27 13:07:17,6.77,229.85,1556.08
1994,2025-06-27 13:07:18,5.98,226.89,1356.8
1995,2025-06-27 13:07:19,7.22,216.19,1560.89
1996,2025-06-27 13:07:19,3.56,218.82,779.0
1997,2025-06-27 13:07:20,2.82,221.47,624.55
1998,2025-06-27 13:07:20,4.48,205.47,920.51
1999,2025-06-27 13:07:21,1.8,223.83,402.89
2000,2025-06-27 13:07:22,3.35,238.26,798.17
2001,2025-06-27 13:07:23,6.36,238.11,1514.38
2002,2025-06-27 13:07:24,4.75,213.11,1012.27
2003,2025-06-27 13:07:25,1.89,221.49,418.62
2004,2025-06-27 13:07:26,1.7,221.2,376.04
2005,2025-06-27 13:07:26,2.19,210.76,461.56
2006,2025-06-27 13:07:27,0.94,232.59,218.63
2007,2025-06-27 13:07:27,7.92,208.07,1647.91
2008,2025-06-27 13:07:28,0.67,206.06,138.06
2009,2025-06-27 13:07:28,8.79,209.47,1841.24
2010,2025-06-27 13:07:29,5.87,206.7,1213.33
2011,2025-06-27 13:07:29,4.17,205.43,856.64
2012,2025-06-27 13:07:30,2.88,236.46,681.0
2013,2025-06-27 13:07:30,7.94,213.86,1698.05
2014,2025-06-27 13:07:31,5.55,209.26,1161.39
2015,2025-06-27 13:07:31,5.78,236.58,1367.43
2016,2025-06-27 13:07:32,2.13,213.33,454.39
2017,2025-06-27 13:07:32,7.43,207.96,1545.14
2018,2025-06-27 13:07:33,5.99,222.49,1332.72
2019,2025-06-27 13:07:33,4.62,206.35,953.34
2020,2025-06-27 13:07:34,8.44,232.22,1959.94
2021,2025-06-27 13:07:34,6.65,221.87,1475.44
2022,2025-06-27 13:07:35,0.71,231.7,164.51
2023,2025-06-27 13:07:36,8.19,204.03,1671.01
2024,2025-06-27 13:07:36,6.7,217.01,1453.97
2025,2025-06-27 13:07:37,8.92,213.21,1901.83
2026,2025-06-27 13:07:37,9.22,234.3,2160.25
2027,2025-06-27 13:07:38,2.7,209.97,566.92
2028,2025-06-27 13:07:39,9.28,232.27,2155.47
2029,2025-06-27 13:07:39,0.31,218.08,67.6
2030,2025-06-27 13:07:40,6.64,203.8,1353.23
2031,2025-06-27 13:07:41,2.02,202.57,409.19
2032,2025-06-27 13:07:42,4.34,209.69,910.05
2033,2025-06-27 13:07:43,7.0,205.76,1440.32
2034,2025-06-27 13:07:43,5.12,208.68,1068.44
2035,2025-06-27 13:07:44,9.08,231.5,2102.02
2036,2025-06-27 13:07:45,8.48,229.36,1944.97
2037,2025-06-27 13:07:45,2.86,222.68,636.86
2038,2025-06-27 13:07:46,0.06,208.21,12.49
2039,2025-06-27 13:07:46,1.37,219.9,301.26
2040,2025-06-27 13:07:47,3.86,233.47,901.19
2041,2025-06-27 13:07:47,7.7,201.89,1554.55
2042,2025-06-27 13:07:48,4.31,205.73,886.7
2043,2025-06-27 13:07:48,1.85,232.48,430.09
2044,2025-06-27 13:07:49,1.13,234.16,264.6
2045,2025-06-27 13:07:49,3.2,201.95,646.24
2046,2025-06-27 13:07:50,3.09,212.31,656.04
2047,2025-06-27 13:07:51,6.87,226.55,1556.4
2048,2025-06-27 13:07:52,5.35,208.34,1114.62
2049,2025-06-27 13:07:53,8.11,222.4,1803.66
2050,2025-06-27 13:07:54,5.56,201.61,1120.95
2051,2025-06-27 13:07:54,6.02,217.23,1307.72
2052,2025-06-27 13:07:55,0.63,238.38,150.18
2053,2025-06-27 13:07:55,5.54,236.28,1308.99
2054,2025-06-27 13:07:56,2.91,215.4,626.81
2055,2025-06-27 13:07:57,7.24,236.22,1710.23
2056,2025-06-27 13:07:57,7.48,207.15,1549.48
2057,2025-06-27 13:07:58,0.9,206.26,185.63
2058,2025-06-27 13:07:58,0.53,204.17,108.21
2059,2025-06-27 13:07:59,9.77,221.62,2165.23
2060,2025-06-27 13:07:59,9.87,217.49,2146.63
2061,2025-06-27 13:08:00,1.4,238.73,334.22
2062,2025-06-27 13:08:01,4.63,232.21,1075.13
2063,2025-06-27 13:08:01,6.73,204.58,1376.82
2064,2025-06-27 13:08:02,7.24,230.23,1666.87
2065,2025-06-27 13:08:02,2.28,230.27,525.02
2066,2025-06-27 13:08:03,0.08,210.16,16.81
2067,2025-06-27 13:08:04,8.0,219.23,1753.84
2068,2025-06-27 13:08:04,7.34,223.48,1640.34
2069,2025-06-27 13:08:05,0.4,239.32,95.73
2070,2025-06-27 13:08:05,6.88,227.94,1568.23
2071,2025-06-27 13:08:06,8.51,229.52,1953.22
2072,2025-06-27 13:08:06,7.03,234.09,1645.65
2073,2025-06-27 13:08:07,9.8,208.79,2046.14
2074,2025-06-27 13:08:08,9.37,237.87,2228.84
2075,2025-06-27 13:08:08,1.15,221.23,254.41
2076,2025-06-27 13:08:09,2.61,212.49,554.6
2077,2025-06-27 13:08:10,0.17,222.07,37.75
2078,2025-06-27 13:08:11,1.63,224.57,366.05
2079,2025-06-27 13:08:11,4.11,220.39,905.8
2080,2025-06-27 13:08:12,3.83,236.27,904.91
2081,2025-06-27 13:08:13,0.03,202.98,6.09
2082,2025-06-27 13:08:13,6.45,231.56,1493.56
2083,2025-06-27 13:08:14,5.46,235.95,1288.29
2084,2025-06-27 13:08:14,8.03,206.31,1656.67
2085,2025-06-27 13:08:15,5.25,211.63,1111.06
2086,2025-06-27 13:08:15,1.04,202.7,210.81
2087,2025-06-27 13:08:16,4.5,212.4,955.8
2088,2025-06-27 13:08:16,2.18,232.02,505.8
2089,2025-06-27 13:08:17,2.8,229.11,641.51
2090,2025-06-27 13:08:17,2.56,235.79,603.62
